-9,-9,-9,-8,-9,-8,-9,-8,-9,-8,-9,-8,-9,-8
-9,-8.93968,-8.95451,-7.9604,-8.95451,-7.9604,-8.95451,-7.9604,-8.95451,-7.9604,-8.95451,-7.9604,-8.95451,-7.9604
-9,-8.87099,-8.9025,-7.91551,-8.9025,-7.91551,-8.9025,-7.91551,-8.9025,-7.91551,-8.9025,-7.91551,-8.9025,-7.91551
-9,-8.80229,-8.85049,-7.87062,-8.85049,-7.87062,-8.85049,-7.87062,-8.85049,-7.87062,-8.85049,-7.87062,-8.85049,-7.87062
-9,-8.73359,-8.79849,-7.82574,-8.79849,-7.82574,-8.79849,-7.82574,-8.79849,-7.82574,-8.79849,-7.82574,-8.79849,-7.82574
-9,-8.66489,-8.74648,-7.78085,-8.74648,-7.78085,-8.74648,-7.78085,-8.74648,-7.78085,-8.74648,-7.78085,-8.74648,-7.78085
-9,-8.59619,-8.69448,-7.73596,-8.69448,-7.73596,-8.69448,-7.73596,-8.69448,-7.73596,-8.69448,-7.73596,-8.69448,-7.73596
-9,-8.52749,-8.64247,-7.69107,-8.64247,-7.69107,-8.64247,-7.69107,-8.64247,-7.69107,-8.64247,-7.69107,-8.64247,-7.69107
-9,-8.4588,-8.59047,-7.64619,-8.59047,-7.64619,-8.59047,-7.64619,-8.59047,-7.64619,-8.59047,-7.64619,-8.59047,-7.64619
-9,-8.3901,-8.58602,-7.701,-8.58602,-7.701,-8.53846,-7.6013,-8.53846,-7.6013,-8.58602,-7.701,-8.52559,-7.66906
-9,-8.3214,-8.58847,-7.76965,-8.58847,-7.76965,-8.48645,-7.55641,-8.48645,-7.55641,-8.58847,-7.76965,-8.48879,-7.72707
-9,-8.2527,-8.59093,-7.8383,-8.59093,-7.8383,-8.45723,-7.6231,-8.45723,-7.6231,-8.59093,-7.8383,-8.45198,-7.78507
-9,-8.184,-8.59338,-7.90696,-8.59237,-7.90698,-8.45969,-7.69176,-8.45969,-7.69176,-8.59338,-7.90696,-8.41517,-7.84308
-9,-8.1153,-8.59583,-7.97561,-8.58909,-7.97558,-8.46072,-7.76043,-8.46072,-7.76043,-8.59583,-7.97561,-8.37837,-7.90109
-9,-8.0466,-8.59829,-8.04427,-8.58084,-8.04377,-8.45514,-7.82887,-8.45514,-7.82887,-8.59829,-8.04427,-8.34156,-7.95909
-9,-7.97791,-8.60074,-8.11292,-8.56767,-8.11118,-8.44263,-7.89639,-8.44263,-7.89639,-8.60074,-8.11292,-8.30476,-8.0171
-9,-7.90921,-8.60319,-8.18158,-8.54964,-8.17745,-8.42333,-7.96229,-8.42333,-7.96229,-8.60319,-8.18158,-8.26795,-8.07511
-9,-7.84051,-8.60564,-8.25023,-8.52685,-8.24225,-8.39743,-8.02589,-8.39743,-8.02589,-8.60564,-8.25023,-8.23115,-8.13312
-9,-7.77181,-8.6081,-8.31889,-8.49943,-8.30521,-8.3652,-8.08652,-8.3652,-8.08652,-8.6081,-8.31889,-8.19434,-8.19112
-9,-7.70311,-8.61055,-8.38754,-8.46751,-8.36603,-8.32697,-8.14356,-8.32697,-8.14356,-8.61055,-8.38754,-8.15665,-8.24855
-9,-7.63441,-8.613,-8.4562,-8.43126,-8.42437,-8.28315,-8.19643,-8.28315,-8.19643,-8.613,-8.4562,-8.11491,-8.30309
-9,-7.56572,-8.61409,-8.52487,-8.39087,-8.47992,-8.23417,-8.24457,-8.23417,-8.24457,-8.61409,-8.52487,-8.06913,-8.35429
-9,-7.49702,-8.6088,-8.59334,-8.34656,-8.5324,-8.18057,-8.28748,-8.18057,-8.28748,-8.6088,-8.59334,-8.01959,-8.40185
-9,-7.42832,-8.59682,-8.66095,-8.29856,-8.58153,-8.12287,-8.32472,-8.12287,-8.32472,-8.59682,-8.66095,-7.96655,-8.4455
-9,-7.35962,-8.57828,-8.72707,-8.24713,-8.62704,-8.06169,-8.3559,-8.06169,-8.3559,-8.57828,-8.72707,-7.91035,-8.48497
-9,-7.29092,-8.55334,-8.79106,-8.19253,-8.66871,-7.99766,-8.38071,-7.99766,-8.38071,-8.55334,-8.79106,-7.8513,-8.52005
-9,-7.22222,-8.52226,-8.85229,-8.13505,-8.7063,-7.93144,-8.39888,-7.93144,-8.39888,-8.52226,-8.85229,-7.78975,-8.55051
-9,-7.15352,-8.48533,-8.91018,-8.07499,-8.73963,-7.86372,-8.41022,-7.86372,-8.41022,-8.48533,-8.91018,-7.72605,-8.5762
-9,-7.08483,-8.4429,-8.96418,-8.01267,-8.76851,-7.79519,-8.41463,-7.79519,-8.41463,-8.4429,-8.96418,-7.66058,-8.59695
-9,-7.01613,-8.39539,-9.01376,-7.94843,-8.7928,-7.72657,-8.41205,-7.72657,-8.41205,-8.39539,-9.01376,-7.59371,-8.61265
-9,-6.94743,-8.34324,-9.05844,-7.88259,-8.81236,-7.65807,-8.40686,-7.65807,-8.40686,-8.34324,-9.05844,-7.52585,-8.62321
-9,-6.87873,-8.28697,-9.0978,-7.81551,-8.8271,-7.58952,-8.40229,-7.58952,-8.40229,-8.28697,-9.0978,-7.45738,-8.62856
-9,-6.81003,-8.22712,-9.13146,-7.74753,-8.83693,-7.52093,-8.39843,-7.52093,-8.39843,-8.22712,-9.13146,-7.38869,-8.62867
-9,-6.74133,-8.16425,-9.15909,-7.67902,-8.8418,-7.45231,-8.39528,-7.45231,-8.39528,-8.16425,-9.15909,-7.3202,-8.62354
-9,-6.67264,-8.09898,-9.18043,-7.61034,-8.84169,-7.38365,-8.39283,-7.38365,-8.39283,-8.09898,-9.18043,-7.2523,-8.61321
-9,-6.60394,-8.03193,-9.19527,-7.54177,-8.83746,-7.31498,-8.3908,-7.31498,-8.3908,-8.03193,-9.19527,-7.18539,-8.59773
-9,-6.53524,-7.96375,-9.20346,-7.47327,-8.83231,-7.24634,-8.38814,-7.24634,-8.38814,-7.96375,-9.20346,-7.11985,-8.57719
-9,-6.46654,-7.8951,-9.20494,-7.40482,-8.82644,-7.17771,-8.38506,-7.17771,-8.38506,-7.8951,-9.20494,-7.05607,-8.55171
-9,-6.39784,-7.82663,-9.19969,-7.33644,-8.81988,-7.10905,-8.38261,-7.10905,-8.38261,-7.82663,-9.19969,-6.99442,-8.52145
-9,-6.32914,-7.759,-9.18775,-7.26813,-8.8126,-7.04038,-8.38088,-7.04038,-8.38088,-7.759,-9.18775,-6.93129,-8.49906
-9,-6.26044,-7.69288,-9.16924,-7.19989,-8.80463,-6.97169,-8.37984,-6.97169,-8.37984,-7.69288,-9.16924,-6.86264,-8.49645
-9,-6.19175,-7.62888,-9.14434,-7.13173,-8.79609,-6.90299,-8.37952,-6.90299,-8.37952,-7.62888,-9.14434,-6.79398,-8.49413
-9,-6.12305,-7.56763,-9.11329,-7.06356,-8.78752,-6.83429,-8.3799,-6.83429,-8.3799,-7.56763,-9.11329,-6.72532,-8.4918
-9,-6.05435,-7.50971,-9.07639,-6.9954,-8.77894,-6.7656,-8.38099,-6.7656,-8.38099,-7.50971,-9.07639,-6.65666,-8.48948
-9,-5.98565,-7.4557,-9.034,-6.92724,-8.77037,-6.69692,-8.38233,-6.69692,-8.38233,-7.4557,-9.034,-6.588,-8.48715
-9,-5.91695,-7.40609,-8.98651,-6.85908,-8.7618,-6.62823,-8.38367,-6.62823,-8.38367,-7.40609,-8.98651,-6.51934,-8.48482
-9,-5.84825,-7.36034,-8.93527,-6.79092,-8.75322,-6.55955,-8.38501,-6.55955,-8.38501,-7.36034,-8.93527,-6.45068,-8.4825
-9,-5.77956,-7.31484,-8.88379,-6.72276,-8.74465,-6.49086,-8.38635,-6.49086,-8.38635,-7.31484,-8.88379,-6.38202,-8.48017
-9,-5.71086,-7.26935,-8.83232,-6.6546,-8.73608,-6.42218,-8.38769,-6.42218,-8.38769,-7.26935,-8.83232,-6.31337,-8.47785
-9,-5.64216,-7.22385,-8.78084,-6.58643,-8.72751,-6.35349,-8.38903,-6.35349,-8.38903,-7.22385,-8.78084,-6.24471,-8.47552
-9,-5.57346,-7.17836,-8.72937,-6.51827,-8.71893,-6.28481,-8.39037,-6.28481,-8.39037,-7.17836,-8.72937,-6.17605,-8.4732
-9,-5.50476,-7.13287,-8.67789,-6.45026,-8.70931,-6.21612,-8.39171,-6.21612,-8.39171,-7.13287,-8.67789,-6.10761,-8.46746
-9,-5.43606,-7.08737,-8.62641,-6.38313,-8.6948,-6.14744,-8.39305,-6.14744,-8.39305,-7.08737,-8.62641,-6.0398,-8.45653
-9,-5.36737,-7.04188,-8.57494,-6.3173,-8.67521,-6.07875,-8.39439,-6.07875,-8.39439,-7.04188,-8.57494,-5.97302,-8.44046
-9,-5.29867,-6.99638,-8.52346,-6.25316,-8.65065,-6.01015,-8.39129,-6.01015,-8.39129,-6.99638,-8.52346,-5.90767,-8.41935
-9,-5.22997,-6.93069,-8.5126,-6.19108,-8.62128,-5.94219,-8.38146,-5.94219,-8.38146,-6.93069,-8.5126,-5.84411,-8.39331
-9,-5.16127,-6.86213,-8.50833,-6.13141,-8.58726,-5.87553,-8.36496,-5.87553,-8.36496,-6.86213,-8.50833,-5.78273,-8.3625
-9,-5.09257,-6.79353,-8.50461,-6.07452,-8.54879,-5.81082,-8.34197,-5.81082,-8.34197,-6.79353,-8.50461,-5.72387,-8.32711
-9,-5.02387,-6.72493,-8.50094,-6.02072,-8.50609,-5.74871,-8.31269,-5.74871,-8.31269,-6.72493,-8.50094,-5.66789,-8.28732
-9,-4.95517,-6.65633,-8.49726,-5.97034,-8.45941,-5.68978,-8.27743,-5.68978,-8.27743,-6.65633,-8.49726,-5.6151,-8.24339
-9,-4.88648,-6.58773,-8.49358,-5.92366,-8.40903,-5.63463,-8.23652,-5.63463,-8.23652,-6.58773,-8.49358,-5.56581,-8.19555
-9,-4.81778,-6.51913,-8.48991,-5.88013,-8.35589,-5.58379,-8.19036,-5.58379,-8.19036,-6.51913,-8.48991,-5.51952,-8.1448
-9,-4.74908,-6.45053,-8.48623,-5.8368,-8.30258,-5.53775,-8.13941,-5.53775,-8.13941,-6.45053,-8.48623,-5.47343,-8.09386
-9,-4.68038,-6.38193,-8.48255,-5.79348,-8.24926,-5.49697,-8.08416,-5.49697,-8.08416,-6.38193,-8.48255,-5.42733,-8.04291
-9,-4.61168,-6.31333,-8.47888,-5.75016,-8.19594,-5.46184,-8.02515,-5.46184,-8.02515,-6.31333,-8.47888,-5.38124,-7.99197
-9,-4.54298,-6.24473,-8.4752,-5.70684,-8.14263,-5.43271,-7.96297,-5.43271,-7.96297,-6.24473,-8.4752,-5.33515,-7.94103
-9,-4.47429,-6.17613,-8.47153,-5.66351,-8.08931,-5.40986,-7.89821,-5.40986,-7.89821,-6.17613,-8.47153,-5.28906,-7.89009
-9,-4.40559,-6.10763,-8.46649,-5.62019,-8.036,-5.39352,-7.83151,-5.39352,-7.83151,-6.10763,-8.46649,-5.24297,-7.83915
-9,-4.33689,-6.03991,-8.45511,-5.57687,-7.98268,-5.38385,-7.76353,-5.38385,-7.76353,-6.03991,-8.45511,-5.19688,-7.78821
-9,-4.26819,-5.97363,-8.43716,-5.53354,-7.92936,-5.38093,-7.69492,-5.38093,-7.69492,-5.97363,-8.43716,-5.15079,-7.73726
-9,-4.19949,-5.90943,-8.41279,-5.49022,-7.87605,-5.38481,-7.62636,-5.38481,-7.62636,-5.90943,-8.41279,-5.10469,-7.68632
-9,-4.13079,-5.84792,-8.38226,-5.4469,-7.82273,-5.39121,-7.55796,-5.39121,-7.55796,-5.84792,-8.38226,-5.0586,-7.63538
-9,-4.06209,-5.7897,-8.34584,-5.40357,-7.76942,-5.397,-7.48951,-5.397,-7.48951,-5.7897,-8.34584,-5.01251,-7.58444
-9,-3.9934,-5.73533,-8.3039,-5.36025,-7.7161,-5.40208,-7.421,-5.40208,-7.421,-5.73533,-8.3039,-4.96642,-7.5335
-9,-3.9247,-5.68533,-8.25682,-5.31693,-7.66278,-5.40646,-7.35244,-5.40646,-7.35244,-5.68533,-8.25682,-4.92033,-7.48256
-9,-3.856,-5.64018,-8.20508,-5.27361,-7.60947,-5.41013,-7.28384,-5.41013,-7.28384,-5.64018,-8.20508,-4.87424,-7.43161
-9,-3.7873,-5.59681,-8.1518,-5.23028,-7.55615,-5.41309,-7.21521,-5.41309,-7.21521,-5.59681,-8.1518,-4.82815,-7.38067
-9,-3.7186,-5.55345,-8.09852,-5.18696,-7.50284,-5.41535,-7.14654,-5.41535,-7.14654,-5.55345,-8.09852,-4.78205,-7.32973
-9,-3.6499,-5.51009,-8.04523,-5.14364,-7.44952,-5.41753,-7.07788,-5.41753,-7.07788,-5.51009,-8.04523,-4.73596,-7.27879
-9,-3.58121,-5.46673,-7.99195,-5.10031,-7.3962,-5.41908,-7.0092,-5.41908,-7.0092,-5.46673,-7.99195,-4.68987,-7.22785
-9,-3.51251,-5.42337,-7.93866,-5.05699,-7.34289,-5.41992,-6.94051,-5.41992,-6.94051,-5.42337,-7.93866,-4.64378,-7.17691
-9,-3.44381,-5.38001,-7.88538,-5.01367,-7.28957,-5.42005,-6.87181,-5.42005,-6.87181,-5.38001,-7.88538,-4.59769,-7.12596
-9,-3.37511,-5.33665,-7.83209,-4.97035,-7.23626,-5.41948,-6.80311,-5.41948,-6.80311,-5.33665,-7.83209,-4.5516,-7.07502
-9,-3.30641,-5.29329,-7.77881,-4.92702,-7.18294,-5.41819,-6.73443,-5.41819,-6.73443,-5.29329,-7.77881,-4.5055,-7.02408
-9,-3.23771,-5.24993,-7.72552,-4.8837,-7.12962,-5.4162,-6.66576,-5.4162,-6.66576,-5.24993,-7.72552,-4.45941,-6.97314
-9,-3.16902,-5.20657,-7.67223,-4.84038,-7.07631,-5.4135,-6.59711,-5.4135,-6.59711,-5.20657,-7.67223,-4.41332,-6.9222
-9,-3.10032,-5.16321,-7.61895,-4.79705,-7.02299,-5.4101,-6.5285,-5.4101,-6.5285,-5.16321,-7.61895,-4.36723,-6.87126
-9,-3.03162,-5.11985,-7.56566,-4.75373,-6.96967,-5.40613,-6.45992,-5.40613,-6.45992,-5.11985,-7.56566,-4.32114,-6.82031
-9,-2.96292,-5.07649,-7.51238,-4.71041,-6.91636,-5.40212,-6.39133,-5.40212,-6.39133,-5.07649,-7.51238,-4.27505,-6.76937
-9,-2.89422,-5.03313,-7.45909,-4.66708,-6.86304,-5.39811,-6.32275,-5.39811,-6.32275,-5.03313,-7.45909,-4.22896,-6.71843
-9,-2.82552,-4.98977,-7.40581,-4.62376,-6.80973,-5.3941,-6.25417,-5.3941,-6.25417,-4.98977,-7.40581,-4.18286,-6.66749
-9,-2.75682,-4.94641,-7.35252,-4.58044,-6.75641,-5.3901,-6.18559,-5.3901,-6.18559,-4.94641,-7.35252,-4.13677,-6.61655
-9,-2.68813,-4.90305,-7.29923,-4.53712,-6.70309,-5.38609,-6.11701,-5.38609,-6.11701,-4.90305,-7.29923,-4.09447,-6.56245
-9,-2.61943,-4.85969,-7.24595,-4.49379,-6.64978,-5.38208,-6.04843,-5.38208,-6.04843,-4.85969,-7.24595,-4.05291,-6.50775
-9,-2.55073,-4.81633,-7.19266,-4.45047,-6.59646,-5.37808,-5.97984,-5.37808,-5.97984,-4.81633,-7.19266,-4.01136,-6.45304
-9,-2.48203,-4.77297,-7.13938,-4.40715,-6.54315,-5.37407,-5.91126,-5.37407,-5.91126,-4.77297,-7.13938,-3.96981,-6.39833
-9,-2.41333,-4.72961,-7.08609,-4.36382,-6.48983,-5.37006,-5.84268,-5.37006,-5.84268,-4.72961,-7.08609,-3.92826,-6.34362
-9,-2.34463,-4.68625,-7.03281,-4.3205,-6.43651,-5.36742,-5.77405,-5.36742,-5.77405,-4.68625,-7.03281,-3.8867,-6.28892
-9,-2.27594,-4.64288,-6.97952,-4.27718,-6.3832,-5.37114,-5.70548,-5.37114,-5.70548,-4.64288,-6.97952,-3.84515,-6.23421
-9,-2.20724,-4.59952,-6.92623,-4.23386,-6.32988,-5.38154,-5.6376,-5.38154,-5.6376,-4.59952,-6.92623,-3.8036,-6.1795
-9,-2.13854,-4.55616,-6.87295,-4.19053,-6.27657,-5.39852,-5.57107,-5.39852,-5.57107,-4.55616,-6.87295,-3.76205,-6.1248
-9,-2.06984,-4.5128,-6.81966,-4.14721,-6.22325,-5.42192,-5.50651,-5.42192,-5.50651,-4.5128,-6.81966,-3.72049,-6.07009
-9,-2.00114,-4.46944,-6.76638,-4.10389,-6.16993,-5.45152,-5.44454,-5.45152,-5.44454,-4.46944,-6.76638,-3.67811,-6.01604
-9,-1.93244,-4.42608,-6.71309,-4.06056,-6.11662,-5.48703,-5.38577,-5.48703,-5.38577,-4.42608,-6.71309,-3.63193,-5.9652
-9,-1.86374,-4.38272,-6.65981,-4.01724,-6.0633,-5.52811,-5.33074,-5.52811,-5.33074,-4.38272,-6.65981,-3.58441,-5.91559
-9,-1.79505,-4.33936,-6.60652,-3.97392,-6.00999,-5.57438,-5.27999,-5.57438,-5.27999,-4.33936,-6.60652,-3.53688,-5.86599
-9,-1.72635,-4.296,-6.55324,-3.93059,-5.95667,-5.62538,-5.23401,-5.62538,-5.23401,-4.296,-6.55324,-3.48935,-5.81638
-9,-1.65765,-4.25264,-6.49995,-3.88727,-5.90335,-5.68062,-5.19322,-5.68062,-5.19322,-4.25264,-6.49995,-3.44182,-5.76678
-9,-1.58895,-4.20928,-6.44666,-3.84395,-5.85004,-5.73959,-5.15803,-5.73959,-5.15803,-4.20928,-6.44666,-3.39429,-5.71718
-9,-1.52025,-4.16592,-6.39338,-3.80063,-5.79672,-5.80172,-5.12877,-5.80172,-5.12877,-4.16592,-6.39338,-3.34676,-5.66758
-9,-1.45155,-4.12256,-6.34009,-3.7573,-5.74341,-5.8664,-5.10572,-5.8664,-5.10572,-4.12256,-6.34009,-3.29923,-5.61798
-9,-1.38286,-4.0792,-6.28681,-3.71398,-5.69009,-5.82651,-5.06645,-5.82651,-5.06645,-4.0792,-6.28681,-3.25169,-5.56838
-9,-1.31416,-4.03584,-6.23352,-3.67066,-5.63677,-5.77181,-5.02489,-5.77181,-5.02489,-4.03584,-6.23352,-3.20416,-5.51877
-9,-1.24546,-3.99248,-6.18024,-3.62733,-5.58346,-5.71711,-4.98333,-5.71711,-4.98333,-3.99248,-6.18024,-3.15663,-5.46917
-9,-1.17676,-3.94912,-6.12695,-3.58401,-5.53014,-5.66241,-4.94176,-5.66241,-4.94176,-3.94912,-6.12695,-3.1091,-5.41957
-9,-1.10806,-3.90576,-6.07366,-3.54069,-5.47683,-5.60771,-4.9002,-5.60771,-4.9002,-3.90576,-6.07366,-3.06157,-5.36997
-9,-1.03936,-3.8624,-6.02038,-3.49737,-5.42351,-5.55301,-4.85864,-5.55301,-4.85864,-3.8624,-6.02038,-3.01404,-5.32037
-9,-0.970665,-3.81904,-5.96709,-3.45404,-5.37019,-5.49831,-4.81708,-5.49831,-4.81708,-3.81904,-5.96709,-2.96651,-5.27077
-9,-0.901966,-3.77568,-5.91381,-3.41072,-5.31688,-5.44361,-4.77551,-5.44361,-4.77551,-3.77568,-5.91381,-2.91898,-5.22116
-9,-0.833268,-3.73232,-5.86052,-3.3674,-5.26356,-5.38891,-4.73395,-5.38891,-4.73395,-3.73232,-5.86052,-2.87145,-5.17156
-9,-0.76457,-3.68896,-5.80724,-3.32407,-5.21025,-5.33421,-4.69239,-5.33421,-4.69239,-3.68896,-5.80724,-2.82392,-5.12196
-9,-0.695871,-3.6456,-5.75395,-3.28075,-5.15693,-5.27952,-4.65083,-5.27952,-4.65083,-3.6456,-5.75395,-2.77639,-5.07236
-9,-0.627173,-3.60224,-5.70066,-3.23743,-5.10361,-5.22482,-4.60926,-5.22482,-4.60926,-3.60224,-5.70066,-2.72886,-5.02276
-9,-0.558474,-3.55888,-5.64738,-3.19411,-5.0503,-5.17012,-4.5677,-5.17012,-4.5677,-3.55888,-5.64738,-2.68133,-4.97316
-9,-0.489776,-3.51552,-5.59409,-3.15078,-4.99698,-5.11542,-4.52614,-5.11542,-4.52614,-3.51552,-5.59409,-2.6338,-4.92355
-9,-0.421077,-3.47216,-5.54081,-3.10746,-4.94367,-5.06072,-4.48457,-5.06072,-4.48457,-3.47216,-5.54081,-2.58627,-4.87395
-9,-0.352379,-3.4288,-5.48752,-3.06414,-4.89035,-5.00602,-4.44301,-5.00602,-4.44301,-3.4288,-5.48752,-2.53874,-4.82435
-9,-0.28368,-3.38544,-5.43424,-3.02081,-4.83703,-4.95132,-4.40145,-4.95132,-4.40145,-3.38544,-5.43424,-2.49121,-4.77475
-9,-0.214982,-3.34208,-5.38095,-2.97749,-4.78372,-4.89662,-4.35989,-4.89662,-4.35989,-3.34208,-5.38095,-2.44368,-4.72515
-9,-0.146284,-3.29872,-5.32767,-2.93417,-4.7304,-4.84192,-4.31832,-4.84192,-4.31832,-3.29872,-5.32767,-2.43312,-4.65897
-9,-0.0775852,-3.25536,-5.27438,-2.89084,-4.67709,-4.78722,-4.27676,-4.78722,-4.27676,-3.25536,-5.27438,-2.42864,-4.59042
-9,-0.00888672,-3.212,-5.22109,-2.84752,-4.62377,-4.73252,-4.2352,-4.73252,-4.2352,-3.212,-5.22109,-2.42487,-4.52182
-9,0.0598117,-3.16863,-5.16781,-2.8042,-4.57045,-4.67782,-4.19364,-4.67782,-4.19364,-3.16863,-5.16781,-2.45148,-4.45954
-9,0.12851,-3.12527,-5.11452,-2.77994,-4.63192,-4.62312,-4.15207,-4.62312,-4.15207,-3.12527,-5.11452,-2.48253,-4.39826
-9,0.197209,-3.08191,-5.06124,-2.78206,-4.70058,-4.56842,-4.11051,-4.56842,-4.11051,-3.08191,-5.06124,-2.51359,-4.33698
-9,0.265907,-3.03855,-5.00795,-2.78419,-4.76925,-4.51372,-4.06895,-4.51372,-4.06895,-3.03855,-5.00795,-2.54464,-4.2757
-9,0.334605,-2.99519,-4.95467,-2.78631,-4.83791,-4.45902,-4.02738,-4.45902,-4.02738,-2.99519,-4.95467,-2.57569,-4.21442
-9,0.403304,-2.95183,-4.90138,-2.78842,-4.90658,-4.40433,-3.98582,-4.40433,-3.98582,-2.95183,-4.90138,-2.60675,-4.15314
-9,0.472002,-2.90847,-4.84809,-2.79053,-4.97525,-4.34963,-3.94426,-4.34963,-3.94426,-2.90847,-4.84809,-2.6378,-4.09186
-9,0.540701,-2.86511,-4.79481,-2.79263,-5.04391,-4.29493,-3.9027,-4.29493,-3.9027,-2.86511,-4.79481,-2.66886,-4.03059
-9,0.609399,-2.82175,-4.74152,-2.81247,-5.10481,-4.24023,-3.86113,-4.24023,-3.86113,-2.82175,-4.74152,-2.69991,-3.96931
-9,0.678098,-2.77839,-4.68824,-2.86189,-5.15253,-4.18553,-3.81957,-4.18553,-3.81957,-2.77839,-4.68824,-2.73097,-3.90803
-9,0.746796,-2.73503,-4.63495,-2.91134,-5.20022,-4.13083,-3.77801,-4.13083,-3.77801,-2.73503,-4.63495,-2.76107,-3.84629
-9,0.815495,-2.69167,-4.58167,-2.96078,-5.24792,-4.07613,-3.73645,-4.07613,-3.73645,-2.69167,-4.58167,-2.78663,-3.78254
-9,0.884193,-2.64831,-4.52838,-3.01022,-5.29561,-4.02143,-3.69488,-4.02143,-3.69488,-2.65887,-4.64301,-2.80725,-3.71702
-9,0.952891,-2.63936,-4.58208,-3.05967,-5.34331,-3.96673,-3.65332,-3.96673,-3.65332,-2.65399,-4.71153,-2.82281,-3.65013
-9,1.02159,-2.63484,-4.65063,-3.10911,-5.391,-3.91203,-3.61176,-3.91203,-3.61176,-2.6484,-4.78,-2.83323,-3.58224
-9,1.09029,-2.62961,-4.71913,-3.15855,-5.4387,-3.85733,-3.5702,-3.85733,-3.5702,-2.64211,-4.84841,-2.83844,-3.51376
-9,1.15899,-2.62367,-4.78757,-3.208,-5.48639,-3.80263,-3.52863,-3.80263,-3.52863,-2.63512,-4.91675,-2.83841,-3.44508
-9,1.22769,-2.61702,-4.85595,-3.25744,-5.53409,-3.74793,-3.48707,-3.74793,-3.48707,-2.62742,-4.98502,-2.83315,-3.3766
-9,1.29638,-2.60968,-4.92425,-3.30688,-5.58178,-3.69323,-3.44551,-3.69323,-3.44551,-2.61902,-5.0532,-2.82268,-3.30872
-9,1.36508,-2.60163,-4.99248,-3.35427,-5.63151,-3.63853,-3.40394,-3.63853,-3.40394,-2.57646,-5.01775,-2.80706,-3.24184
-9,1.43378,-2.59316,-5.06065,-3.39836,-5.68417,-3.58384,-3.36238,-3.58384,-3.36238,-2.52898,-4.9681,-2.78639,-3.17634
-9,1.50248,-2.54996,-5.02585,-3.43898,-5.73956,-3.52914,-3.32082,-3.52914,-3.32082,-2.49725,-4.91134,-2.76079,-3.11261
-9,1.57118,-2.61437,-5.00226,-3.47594,-5.79746,-3.47444,-3.27926,-3.47444,-3.27926,-2.49246,-4.84281,-2.7304,-3.05102
-9,1.63988,-2.59169,-4.93671,-3.50909,-5.85761,-3.41974,-3.23769,-3.41974,-3.23769,-2.48841,-4.77424,-2.6954,-2.99192
-9,1.70857,-2.54416,-4.88711,-3.53831,-5.91978,-3.36504,-3.19613,-3.36504,-3.19613,-2.48506,-4.70562,-2.65599,-2.93567
-9,1.77727,-2.49663,-4.83751,-3.56346,-5.98369,-3.31034,-3.15457,-3.31034,-3.15457,-2.48241,-4.63697,-2.61242,-2.88259
-9,1.84597,-2.48717,-4.89166,-3.58444,-6.0491,-3.25564,-3.11301,-3.25564,-3.11301,-2.48048,-4.5683,-2.56492,-2.83298
-9,1.91467,-2.48393,-4.96028,-3.60117,-6.11571,-3.20094,-3.07144,-3.20094,-3.07144,-2.47925,-4.49961,-2.51611,-2.78464
-9,1.98337,-2.48141,-5.02893,-3.61357,-6.18327,-3.14624,-3.02988,-3.14624,-3.02988,-2.50351,-4.43606,-2.46729,-2.7363
-9,2.05207,,,-3.6216,-6.25149,-3.09154,-2.98832,-3.09154,-2.98832,-2.53154,-4.37334,-2.41846,-2.68797
-9,2.12076,,,-3.62522,-6.32008,-3.03684,-2.94675,-3.03684,-2.94675,-2.55956,-4.31062,-2.36964,-2.63964
-9,2.18946,,,-3.62441,-6.38876,-2.98214,-2.90519,-2.98214,-2.90519,-2.58759,-4.2479,-2.32082,-2.5913
-9,2.25816,,,-3.61918,-6.45725,-2.92744,-2.86363,-2.92744,-2.86363,-2.61562,-4.18518,-2.272,-2.54297
-9,2.32686,,,-3.60955,-6.52525,-2.87274,-2.82207,-2.87274,-2.82207,-2.64365,-4.12246,-2.22318,-2.49464
-9,2.39556,,,-3.59557,-6.5925,-2.81804,-2.7805,-2.81804,-2.7805,-2.67168,-4.05974,-2.17436,-2.44631
-9,2.46426,,,-3.57728,-6.65871,-2.76335,-2.73894,-2.76335,-2.73894,-2.69971,-3.99702,-2.12554,-2.39797
-9,2.53296,,,-3.55477,-6.7236,-2.70865,-2.69738,-2.70865,-2.69738,-2.72774,-3.9343,-2.07672,-2.34964
-9,2.60165,,,-3.52813,-6.78691,-2.65395,-2.65582,-2.65395,-2.65582,-2.75577,-3.87158,-2.0279,-2.30131
-9,2.67035,,,-3.49746,-6.84837,-2.59925,-2.61425,-2.59925,-2.61425,-2.78254,-3.80833,-1.97908,-2.25297
-9,2.73905,,,-3.4629,-6.90773,-2.54455,-2.57269,-2.54455,-2.57269,-2.80332,-3.74288,-1.93026,-2.20464
-9,2.80775,,,-3.42459,-6.96474,-2.48985,-2.53113,-2.48985,-2.53113,-2.81758,-3.67571,-1.88144,-2.15631
-9,2.87645,,,-3.38269,-7.01916,-2.43515,-2.48956,-2.43515,-2.48956,-2.8252,-3.60746,-1.83262,-2.10798
-9,2.94515,,,-3.33737,-7.07078,-2.38045,-2.448,-2.38045,-2.448,-2.82609,-3.53879,-1.7838,-2.05964
-9,3.01384,,,-3.28882,-7.11937,-2.32575,-2.40644,-2.32575,-2.40644,-2.82025,-3.47037,-1.73498,-2.01131
-9,3.08254,,,-3.23724,-7.16473,-2.27105,-2.36488,-2.27105,-2.36488,-2.80773,-3.40285,-1.68616,-1.96298
-9,3.15124,,,-3.18285,-7.20667,-2.21635,-2.32331,-2.21635,-2.32331,-2.78866,-3.33688,-1.63734,-1.91464
-9,3.21994,,,-3.12587,-7.24503,-2.16165,-2.28175,-2.16165,-2.28175,-2.76321,-3.2731,-1.58852,-1.86631
-9,3.28864,,,-3.06654,-7.27964,-2.10695,-2.24019,-2.10695,-2.24019,-2.73164,-3.21212,-1.5397,-1.81798
-9,3.35734,,,-3.00511,-7.31035,-2.05225,-2.19863,-2.05225,-2.19863,-2.69425,-3.15453,-1.49088,-1.76965
-9,3.42604,,,-2.94182,-7.33705,-1.99755,-2.15706,-1.99755,-2.15706,-2.65139,-3.10087,-1.44206,-1.72131
-9,3.49473,,,-2.87695,-7.35961,-1.94286,-2.1155,-1.94286,-2.1155,-2.60348,-3.05167,-1.39324,-1.67298
-9,3.56343,,,-2.81076,-7.37796,-1.88816,-2.07394,-1.88816,-2.07394,-2.5539,-3.00412,-1.34442,-1.62465
-9,3.63213,,,-2.74352,-7.392,-1.83346,-2.03238,-1.83346,-2.03238,-2.50431,-2.95658,-1.2956,-1.57631
-9,3.70083,,,-2.67552,-7.40168,-1.77876,-1.99081,-1.77876,-1.99081,-2.45472,-2.90904,-1.24678,-1.52798
-9,3.76953,,,-2.60704,-7.40696,-1.72406,-1.94925,-1.72406,-1.94925,-2.40513,-2.8615,-1.19796,-1.47965
-9,3.83823,,,-2.53836,-7.40782,-1.66936,-1.90769,-1.66936,-1.90769,-2.35554,-2.81395,-1.14914,-1.43132
-9,3.90692,,,-2.52581,-7.46794,-1.61466,-1.86612,-1.61466,-1.86612,-2.30594,-2.76641,-1.10032,-1.38298
-9,3.97562,,,-2.522,-7.53653,-1.55996,-1.82456,-1.55996,-1.82456,-2.25635,-2.71887,-1.0515,-1.33465
-9,4.04432,,,-2.51844,-7.60514,-1.50526,-1.783,-1.50526,-1.783,-2.20676,-2.67133,-1.00268,-1.28632
-9,4.11302,,,-2.51488,-7.67374,-1.45056,-1.74144,-1.45056,-1.74144,-2.15717,-2.62379,-0.95386,-1.23798
-9,4.18172,,,-2.51132,-7.74235,-1.39586,-1.69987,-1.39586,-1.69987,-2.10758,-2.57625,-0.90504,-1.18965
-9,4.25042,,,-2.50776,-7.81096,-1.34116,-1.65831,-1.34116,-1.65831,-2.05799,-2.5287,-0.85622,-1.14132
-9,4.31912,,,-2.5042,-7.87956,-1.28646,-1.61675,-1.28646,-1.61675,-2.0084,-2.48116,-0.807399,-1.09298
-9,4.38781,,,-2.50064,-7.94817,-1.23176,-1.57519,-1.23176,-1.57519,-1.95881,-2.43362,-0.758579,-1.04465
-9,4.45651,,,-2.49708,-8.01677,-1.17706,-1.53362,-1.17706,-1.53362,-1.90922,-2.38608,-0.709759,-0.996319
-9,4.52521,,,-2.49352,-8.08538,-1.12237,-1.49206,-1.12237,-1.49206,-1.85962,-2.33854,-0.660939,-0.947986
-9,4.59391,,,-2.48996,-8.15399,-1.06767,-1.4505,-1.06767,-1.4505,-1.81003,-2.291,-0.612119,-0.899653
-9,4.66261,,,-2.4864,-8.22259,-1.01297,-1.40893,-1.01297,-1.40893,-1.76044,-2.24345,-0.563299,-0.851321
-9,4.73131,,,-2.47921,-8.29089,-0.958267,-1.36737,-0.958267,-1.36737,-1.71085,-2.19591,-0.514479,-0.802988
-9,4.8,,,-2.4665,-8.35839,-0.903568,-1.32581,-0.903568,-1.32581,-1.66126,-2.14837,-0.465658,-0.754655
-9,4.8687,,,-2.44835,-8.42462,-0.848869,-1.28425,-0.848869,-1.28425,-1.61167,-2.10083,-0.416838,-0.706322
-9,4.9374,,,-2.42487,-8.48917,-0.794169,-1.24268,-0.794169,-1.24268,-1.56208,-2.05329,-0.368018,-0.657989
-9,5.0061,,,-2.39623,-8.55159,-0.73947,-1.20112,-0.73947,-1.20112,-1.51249,-2.00575,-0.319198,-0.609656
-9,5.0748,,,-2.3626,-8.61147,-0.684771,-1.15956,-0.684771,-1.15956,-1.4629,-1.9582,-0.270378,-0.561323
-9,5.1435,,,-2.32422,-8.66843,-0.630071,-1.118,-0.630071,-1.118,-1.41331,-1.91066,-0.221558,-0.51299
-9,5.21219,,,-2.28134,-8.72207,-0.575372,-1.07643,-0.575372,-1.07643,-1.36371,-1.86312,-0.172737,-0.464658
-9,5.28089,,,-2.23424,-8.77205,-0.520673,-1.03487,-0.520673,-1.03487,-1.31412,-1.81558,-0.123917,-0.416325
-9,5.34959,,,-2.18323,-8.81804,-0.465973,-0.993307,-0.465973,-0.993307,-1.26453,-1.76804,-0.075097,-0.367992
-9,5.41829,,,-2.12865,-8.85973,-0.411274,-0.951745,-0.411274,-0.951745,-1.21494,-1.7205,-0.0262769,-0.319659
-8.97405,5.4619,,,-2.07086,-8.89684,-0.356575,-0.910182,-0.356575,-0.910182,-1.16535,-1.67295,0.0225433,-0.271326
-8.90537,5.46347,,,-2.01025,-8.92914,-0.301875,-0.868619,-0.301875,-0.868619,-1.11576,-1.62541,0.0713634,-0.222993
-8.8367,5.46566,,,-1.94721,-8.9564,-0.247176,-0.827057,-0.247176,-0.827057,-1.06617,-1.57787,0.120184,-0.17466
-8.76807,5.46855,,,-1.88217,-8.97845,-0.192477,-0.785494,-0.192477,-0.785494,-1.01658,-1.53033,0.169004,-0.126327
-8.69942,5.47122,,,-1.81555,-8.99513,-0.137777,-0.743931,-0.137777,-0.743931,-0.966987,-1.48279,0.217824,-0.0779945
-8.63076,5.47348,,,-1.74779,-9.00635,-0.083078,-0.702368,-0.083078,-0.702368,-0.917396,-1.43525,0.266644,-0.0296616
-8.56212,5.47637,,,-1.67934,-9.01202,-0.0283787,-0.660806,-0.0283787,-0.660806,-0.867805,-1.38771,0.315464,0.0186713
-8.49348,5.47904,,,-1.61067,-9.01211,0.0263207,-0.619243,0.0263207,-0.619243,-0.818214,-1.34016,0.364284,0.0670042
-8.42482,5.4813,,,-1.54221,-9.00661,0.08102,-0.57768,0.08102,-0.57768,-0.768623,-1.29262,0.413105,0.115337
-8.35618,5.48419,,,-1.47442,-8.99557,0.135719,-0.536118,0.135719,-0.536118,-0.719032,-1.24508,0.461925,0.16367
-8.28753,5.48686,,,-1.40776,-8.97905,0.190419,-0.494555,0.190419,-0.494555,-0.66944,-1.19754,0.510745,0.212003
-8.21887,5.48912,,,-1.34266,-8.95717,0.245118,-0.452992,0.245118,-0.452992,-0.619849,-1.15,0.559565,0.260336
-8.15023,5.49201,,,-1.27955,-8.93008,0.299817,-0.41143,0.299817,-0.41143,-0.570258,-1.10246,0.608385,0.308669
-8.08159,5.49469,,,-1.21885,-8.89794,0.354517,-0.369867,0.354517,-0.369867,-0.520667,-1.05491,0.657205,0.357001
-8.01293,5.49694,,,-1.16097,-8.86097,0.409216,-0.328304,0.409216,-0.328304,-0.471076,-1.00737,0.706026,0.405334
-7.94429,5.49983,,,-1.10629,-8.81942,0.463915,-0.286741,0.463915,-0.286741,-0.421485,-0.95983,0.754846,0.453667
-7.87564,5.50251,,,-1.05516,-8.77357,0.518615,-0.245179,0.518615,-0.245179,-0.371894,-0.912289,0.803666,0.502
-7.80698,5.50477,,,-1.00793,-8.7237,0.573314,-0.203616,0.573314,-0.203616,-0.322303,-0.864747,0.852486,0.550333
-7.73834,5.50766,,,-0.964908,-8.67017,0.628013,-0.162053,0.628013,-0.162053,-0.272712,-0.817206,0.901306,0.598666
-7.6697,5.51033,,,-0.926381,-8.61331,0.682713,-0.120491,0.682713,-0.120491,-0.223121,-0.769664,0.950126,0.646999
-7.60104,5.51259,,,-0.892603,-8.55352,0.737412,-0.0789279,0.737412,-0.0789279,-0.17353,-0.722122,0.998947,0.695332
-7.5324,5.51548,,,-0.863797,-8.49117,0.792111,-0.0373652,0.792111,-0.0373652,-0.123939,-0.674581,1.04777,0.743665
-7.46375,5.51815,,,-0.840155,-8.42669,0.846811,0.00419749,0.846811,0.00419749,-0.0743483,-0.627039,1.09659,0.791997
-7.39509,5.52041,,,-0.821833,-8.3605,0.90151,0.0457602,0.90151,0.0457602,-0.0247573,-0.579497,1.14541,0.84033
-7.32646,5.5233,,,-0.808952,-8.29304,0.956209,0.0873229,0.956209,0.0873229,0.0248337,-0.531956,1.19423,0.888663
-7.25781,5.52597,,,-0.801597,-8.22475,1.01091,0.128886,1.01091,0.128886,0.0744248,-0.484414,1.24305,0.936996
-7.18915,5.52823,,,-0.799817,-8.1561,1.06561,0.170448,1.06561,0.170448,0.124016,-0.436873,1.29187,0.985329
-7.12051,5.53112,,,-0.803623,-8.08752,1.12031,0.212011,1.12031,0.212011,0.173607,-0.389331,1.34069,1.03366
-7.05186,5.5338,,,-0.809829,-8.01911,1.17501,0.253574,1.17501,0.253574,0.223198,-0.341789,1.38951,1.08199
-6.9832,5.53605,,,-0.816751,-7.95076,1.22971,0.295136,1.22971,0.295136,0.272789,-0.294248,1.43833,1.13033
-6.91457,5.53894,,,-0.824378,-7.88248,1.28441,0.336699,1.28441,0.336699,0.32238,-0.246706,1.48715,1.17866
-6.84592,5.54162,,,-0.832707,-7.81429,1.3391,0.378262,1.3391,0.378262,0.371971,-0.199164,1.53597,1.22699
-6.77725,5.54359,,,-0.841739,-7.74619,1.3938,0.419825,1.3938,0.419825,0.421562,-0.151623,1.58479,1.27533
-6.70856,5.54485,,,-0.851472,-7.67819,1.4485,0.461387,1.4485,0.461387,0.471153,-0.104081,1.63361,1.32366
-6.63987,5.54541,,,-0.861906,-7.61029,1.5032,0.50295,1.5032,0.50295,0.520744,-0.0565395,1.68243,1.37199
-6.57117,5.54525,,,-0.873038,-7.54249,1.5579,0.544513,1.5579,0.544513,0.570335,-0.00899783,1.73125,1.42032
-6.52576,5.519,,,-0.884869,-7.47482,1.6126,0.586075,1.6126,0.586075,0.619926,0.0385438,1.78007,1.46866
-6.51969,5.45057,,,-0.897396,-7.40728,1.6673,0.627638,1.6673,0.627638,0.669517,0.0860854,1.82889,1.51699
-6.51435,5.38208,,,-0.910618,-7.33986,1.722,0.669201,1.722,0.669201,0.719108,0.133627,1.87771,1.56532
-6.50971,5.31353,,,-0.924535,-7.27259,1.7767,0.710763,1.7767,0.710763,0.768699,0.181169,1.92653,1.61366
-6.50578,5.24495,,,-0.939144,-7.20546,1.8314,0.752326,1.8314,0.752326,0.81829,0.22871,1.97535,1.66199
-6.50256,5.17633,,,-0.954444,-7.13849,1.8861,0.793889,1.8861,0.793889,0.867881,0.276252,2.02417,1.71032
-6.50005,5.10767,,,-0.970433,-7.07168,1.9408,0.835452,1.9408,0.835452,0.917472,0.323794,2.07299,1.75866
-6.49796,5.03901,,,-0.98711,-7.00504,1.9955,0.877014,1.9955,0.877014,0.967063,0.371335,2.12181,1.80699
-6.49523,4.97036,,,-1.00447,-6.93857,2.0502,0.918577,2.0502,0.918577,1.01665,0.418877,2.17063,1.85532
-6.49209,4.90174,,,-1.02252,-6.87228,2.1049,0.96014,2.1049,0.96014,1.06625,0.466419,2.21945,1.90365
-6.48957,4.83309,,,-1.04125,-6.80619,2.15959,1.0017,2.15959,1.0017,1.11584,0.51396,2.26827,1.95199
-6.48748,4.76442,,,-1.06038,-6.74021,2.21429,1.04327,2.21429,1.04327,1.16543,0.561502,2.31709,2.00032
-6.48475,4.69578,,,-1.07891,-6.67405,2.26899,1.08483,2.26899,1.08483,1.21502,0.609043,2.36591,2.04865
-6.48161,4.62715,,,-1.09675,-6.60771,2.32369,1.12639,2.32369,1.12639,1.26461,0.656585,2.41473,2.09699
-6.47909,4.5585,,,-1.1139,-6.54119,2.37839,1.16795,2.37839,1.16795,1.3142,0.704127,2.46355,2.14532
-6.477,4.48983,,,-1.05595,-6.52712,2.43309,1.20952,2.43309,1.20952,1.36379,0.751668,2.51237,2.19365
-6.47428,4.42119,,,-0.987504,-6.52128,2.48779,1.25108,2.48779,1.25108,1.41338,0.79921,2.56119,2.24198
-6.47113,4.35256,,,-0.918998,-6.51614,2.54249,1.29264,2.54249,1.29264,1.46297,0.846752,2.61001,2.29032
-6.46862,4.28391,,,-0.850443,-6.51171,2.59719,1.3342,2.59719,1.3342,1.51256,0.894293,2.65883,2.33865
-6.46652,4.21524,,,-0.781846,-6.50798,2.65189,1.37577,2.65189,1.37577,1.56216,0.941835,2.70765,2.38698
-6.4638,4.1466,,,-0.713214,-6.50497,2.70659,1.41733,2.70659,1.41733,1.61175,0.989376,2.75647,2.43532
-6.46065,4.07797,,,-0.644554,-6.50266,2.76129,1.45889,2.76129,1.45889,1.66134,1.03692,2.80529,2.48365
-6.45814,4.00932,,,-0.575903,-6.50013,2.81599,1.50045,2.81599,1.50045,1.71093,1.08446,2.85411,2.53198
-6.45605,3.94065,,,-0.507267,-6.49719,2.87069,1.54202,2.87069,1.54202,1.76052,1.132,2.90293,2.58031
-6.45332,3.87201,,,-0.438613,-6.49474,2.92539,1.58358,2.92539,1.58358,1.81011,1.17954,2.95175,2.62865
-6.45017,3.80338,,,-0.369957,-6.49232,2.98008,1.62514,2.98008,1.62514,1.8597,1.22708,3.00057,2.67698
-6.44766,3.73473,,,-0.301301,-6.48991,3.03478,1.66671,3.03478,1.66671,1.90929,1.27463,3.04939,2.72531
-6.44557,3.66606,,,-0.232645,-6.48749,3.08948,1.70827,3.08948,1.70827,1.95888,1.32217,3.09821,2.77365
-6.44284,3.59742,,,-0.163989,-6.48508,3.14418,1.74983,3.14418,1.74983,2.00847,1.36971,3.14703,2.82198
-6.44033,3.52877,,,-0.095333,-6.48266,3.19888,1.79139,3.19888,1.79139,2.05807,1.41725,3.19585,2.87031
-6.43824,3.4601,,,-0.026677,-6.48025,3.25358,1.83296,3.25358,1.83296,2.10766,1.46479,3.24467,2.91864
-6.43551,3.39146,,,0.041979,-6.47783,3.30828,1.87452,3.30828,1.87452,2.15725,1.51233,3.29349,2.96698
-6.43237,3.32283,,,0.110635,-6.47542,3.36298,1.91608,3.36298,1.91608,2.20684,1.55988,3.34231,3.01531
-6.42985,3.25418,,,0.179291,-6.473,3.41768,1.95764,3.41768,1.95764,2.25643,1.60742,3.39113,3.06364
-6.42776,3.18551,,,0.247947,-6.47059,3.47238,1.99921,3.47238,1.99921,2.30602,1.65496,3.43995,3.11198
-6.42532,3.11686,,,0.316603,-6.46817,3.52708,2.04077,3.52708,2.04077,2.35561,1.7025,3.48877,3.16031
-6.42352,3.04818,,,0.385259,-6.46575,3.58178,2.08233,3.58178,2.08233,2.4052,1.75004,3.5376,3.20864
-6.42242,2.97949,,,0.453915,-6.46334,3.63648,2.1239,3.63648,2.1239,2.45479,1.79758,3.58642,3.25697
-6.42203,2.9108,,,0.522571,-6.46092,3.69118,2.16546,3.69118,2.16546,2.50438,1.84513,3.5638,3.31599
-6.48196,2.89581,,,0.591227,-6.45851,3.74588,2.20702,3.74588,2.20702,2.55398,1.89267,3.531,3.37636
-6.55034,2.88923,,,0.659827,-6.45503,3.80057,2.24858,3.80057,2.24858,2.60357,1.94021,3.49821,3.43672
-6.61879,2.88334,,,0.72799,-6.44661,3.85527,2.29015,3.85527,2.29015,2.65316,1.98775,3.46541,3.49708
-6.68729,2.87817,,,0.795312,-6.43301,3.90997,2.33171,3.90997,2.33171,2.70275,2.03529,3.43262,3.55745
-6.75584,2.8737,,,0.861402,-6.41432,3.96467,2.37327,3.96467,2.37327,2.75234,2.08283,3.39982,3.61781
-6.82444,2.86993,,,0.925873,-6.39065,4.01937,2.41483,4.01937,2.41483,2.80193,2.13038,3.36702,3.67818
-6.89307,2.86688,,,0.988352,-6.36212,4.07407,2.4564,4.07407,2.4564,2.85152,2.17792,3.33423,3.73854
-6.96172,2.86453,,,1.04847,-6.32892,4.12877,2.49796,4.12877,2.49796,2.90111,2.22546,3.30143,3.79891
-7.03039,2.86225,,,1.10589,-6.29123,4.18347,2.53952,4.18347,2.53952,2.9507,2.273,3.26864,3.85927
-7.09906,2.86061,,,1.16026,-6.24926,4.23817,2.58109,4.23817,2.58109,3.00029,2.32054,3.23678,3.92013
-7.16776,2.85968,,,1.21127,-6.20328,4.29287,2.62265,4.29287,2.62265,3.04989,2.36808,3.20941,3.98312
-7.23645,2.85945,,,1.25863,-6.15354,4.34757,2.66421,4.34757,2.66421,3.09948,2.41563,3.18692,4.04802
-7.30515,2.85993,,,1.30206,-6.10033,4.40227,2.70577,4.40227,2.70577,3.14907,2.46317,3.16945,4.11444
-7.31077,2.92026,,,1.34131,-6.04396,4.45697,2.74734,4.45697,2.74734,3.19866,2.51071,3.15709,4.182
-7.31463,2.98881,,,1.37614,-5.98477,4.51167,2.7889,4.51167,2.7889,3.24825,2.55825,3.14992,4.2503
-7.32635,3.05646,,,1.40731,-5.92355,4.56637,2.83046,4.56637,2.83046,3.29784,2.60579,3.14799,4.31896
-7.34579,3.12231,,,1.43824,-5.86221,4.62106,2.87202,4.62106,2.87202,3.34743,2.65333,3.15129,4.38756
-7.37268,3.18549,,,1.46916,-5.80087,4.67576,2.91359,4.67576,2.91359,3.39702,2.70088,3.15981,4.45571
-7.40666,3.24514,,,1.50009,-5.73952,4.73046,2.95515,4.73046,2.95515,3.44661,2.74842,3.17351,4.52301
-7.44729,3.30049,,,1.53102,-5.67818,4.78516,2.99671,4.78516,2.99671,3.4962,2.79596,3.19229,4.58908
-7.49403,3.35079,,,1.56195,-5.61684,4.83986,3.03827,4.83986,3.03827,3.5458,2.8435,3.21606,4.65351
-7.54624,3.39537,,,1.59288,-5.5555,4.89456,3.07984,4.89456,3.07984,3.59539,2.89104,3.24468,4.71595
-7.60325,3.43364,,,1.65484,-5.56386,4.94926,3.1214,4.94926,3.1214,3.64498,2.93858,3.27797,4.77602
-7.66428,3.4651,,,1.72105,-5.5822,5.00396,3.16296,5.00396,3.16296,3.69457,2.98613,3.28567,4.84347
-7.72853,3.48931,,,1.78726,-5.60053,5.05866,3.20453,5.05866,3.20453,3.74416,3.03367,3.28868,4.9121
-7.79513,3.50597,,,1.85346,-5.61887,5.11336,3.24609,5.11336,3.24609,3.79375,3.08121,3.29099,4.98076
-7.86322,3.51484,,,1.91967,-5.6372,5.16806,3.28765,5.16806,3.28765,3.84334,3.12875,3.29259,5.04944
-7.93187,3.51582,,,1.98588,-5.65554,5.22276,3.32921,5.22276,3.32921,3.89293,3.17629,3.29348,5.11814
-8.00053,3.51357,,,2.05208,-5.67387,5.27746,3.37078,5.27746,3.37078,3.94252,3.22383,3.29366,5.18683
-8.06917,3.51061,,,2.11829,-5.69221,5.33216,3.41234,5.33216,3.41234,3.99934,3.25341,3.29314,5.25553
-8.13777,3.50693,,,2.1845,-5.71054,5.38686,3.4539,5.38686,3.4539,4.06803,3.25267,3.29283,5.32423
-8.20632,3.50255,,,2.2507,-5.72888,5.44658,3.48346,5.44658,3.48346,4.13673,3.25254,3.29293,5.39293
-8.27483,3.49746,,,2.31691,-5.74721,5.51384,3.47194,5.51384,3.47194,4.20543,3.25313,3.29241,5.46162
-8.34329,3.49167,,,2.38312,-5.76555,5.58082,3.45669,5.58082,3.45669,4.27411,3.25441,3.2921,5.53032
-8.41168,3.48517,,,2.45014,-5.78056,5.6478,3.4414,5.6478,3.4414,4.34278,3.25641,3.29221,5.59902
-8.48,3.47797,,,2.51811,-5.79043,5.71477,3.42612,5.71477,3.42612,4.41143,3.25911,3.29168,5.66771
-8.54824,3.47006,,,2.58663,-5.79509,5.78175,3.41083,5.78175,3.41083,4.48005,3.26224,3.29137,5.73641
-8.6164,3.46145,,,2.65531,-5.79451,5.84873,3.39554,5.84873,3.39554,4.54871,3.26473,3.29148,5.80511
-8.68446,3.45214,,,2.72374,-5.78869,5.9157,3.38025,5.9157,3.38025,4.61735,3.26744,3.29095,5.8738
-8.75242,3.44213,,,2.7923,-5.78566,5.98268,3.36496,5.98268,3.36496,4.68598,3.27056,3.29064,5.9425
-8.82028,3.43142,,,2.86039,-5.79396,6.04965,3.34968,6.04965,3.34968,4.75463,3.27305,3.29075,6.0112
-8.88803,3.42001,,,2.92734,-5.80912,6.11663,3.33439,6.11663,3.33439,4.82328,3.27576,3.29022,6.0799
-8.95565,3.4079,,,2.99184,-5.83269,6.1836,3.3191,6.1836,3.3191,4.8919,3.27888,3.28991,6.14859
-9.02314,3.3951,,,3.056,-5.85724,6.25088,3.30528,6.25088,3.30528,4.96056,3.28137,3.29002,6.21729
-9.06329,3.44709,,,3.12015,-5.8818,6.31919,3.29836,6.31919,3.29836,5.02923,3.28316,3.2895,6.28599
-9.06126,3.51576,,,3.18431,-5.90636,6.38786,3.29882,6.38786,3.29882,5.09792,3.28423,3.28919,6.35469
-9.05994,3.58445,,,3.24847,-5.93092,6.45607,3.30664,6.45607,3.30664,5.16662,3.2846,3.2893,6.42338
-9.05932,3.65314,,,3.31263,-5.95548,6.52306,3.32173,6.52306,3.32173,5.23531,3.28426,3.28877,6.49208
-9.05941,3.72184,,,3.37679,-5.98004,6.58804,3.34392,6.58804,3.34392,5.304,3.28321,3.28846,6.56078
-9.06021,3.79053,,,3.44095,-6.0046,6.65027,3.37295,6.65027,3.37295,5.37268,3.28146,3.28857,6.62948
-9.06171,3.85921,,,3.48559,-6.0454,6.70902,3.40849,6.70902,3.40849,5.44133,3.27899,3.28804,6.69817
-9.06393,3.92788,,,3.49711,-6.11313,6.76362,3.45012,6.76362,3.45012,5.50997,3.27597,3.28773,6.76687
-9.06685,3.99651,,,3.5079,-6.18098,6.81344,3.49737,6.81344,3.49737,5.5786,3.2729,3.28784,6.83557
-9.06955,4.06516,,,3.51799,-6.24893,6.85791,3.54969,6.85791,3.54969,5.64723,3.26984,3.28731,6.90426
-9.07155,4.13383,,,3.52738,-6.31698,6.89651,3.60648,6.89651,3.60648,5.71586,3.26677,3.287,6.97296
-9.07285,4.20251,,,3.53607,-6.38513,6.92879,3.66709,6.92879,3.66709,5.78449,3.26371,3.28711,7.04166
-9.07436,4.27119,,,3.54406,-6.45336,6.95439,3.7308,6.95439,3.7308,5.85312,3.26064,3.28659,7.11036
-9.07657,4.33986,,,3.55134,-6.52167,6.973,3.7969,6.973,3.7969,5.92175,3.25758,3.28628,7.17905
-9.07949,4.40849,,,3.55792,-6.59005,6.98442,3.8646,6.98442,3.8646,5.99038,3.25452,3.28638,7.24775
-9.0822,4.47714,,,3.5638,-6.6585,6.98851,3.93315,6.98851,3.93315,6.05901,3.25145,3.28586,7.31645
-9.08448,4.5458,,,3.56896,-6.727,6.98522,4.00173,6.98522,4.00173,6.12764,3.24839,3.28509,7.38514
-9.08741,4.61443,,,3.57343,-6.79556,6.97891,4.07014,6.97891,4.07014,6.1963,3.24669,3.28431,7.45384
-9.09011,4.68308,,,3.57718,-6.86415,6.97188,4.13848,6.97188,4.13848,6.26481,3.25137,3.28354,7.52253
-9.0924,4.75174,,,3.58023,-6.93278,6.96507,4.20684,6.96507,4.20684,6.33253,3.26274,3.28277,7.59122
-9.09532,4.82037,,,3.58257,-7.00144,6.95896,4.27526,6.95896,4.27526,6.39881,3.2807,3.28199,7.65992
-9.09802,4.88902,,,3.58513,-7.07009,6.95355,4.34375,6.95355,4.34375,6.46302,3.30506,3.28122,7.72861
-9.10031,4.95768,,,3.5881,-7.13872,6.94885,4.41229,6.94885,4.41229,6.52452,3.33559,3.28045,7.79731
-9.10323,5.02632,,,3.59044,-7.20738,6.94485,4.48087,6.94485,4.48087,6.58274,3.37201,3.27967,7.866
-9.10594,5.09496,,,3.593,-7.27603,6.94156,4.54949,6.94156,4.54949,6.63711,3.41395,3.2789,7.93469
-9.10794,5.16363,,,3.59597,-7.34467,6.93898,4.61814,6.93898,4.61814,6.68711,3.46102,3.27813,8.00339
-9.10923,5.23232,,,3.59832,-7.41333,6.93682,4.6868,6.93682,4.6868,6.73226,3.51277,3.28077,8.07202
-9.10982,5.30101,,,3.60087,-7.48198,6.93403,4.75544,6.93403,4.75544,6.77212,3.56868,3.28863,8.14025
-9.1097,5.36971,,,3.60385,-7.55061,6.93082,4.82407,6.93082,4.82407,6.80631,3.62824,3.30167,8.20768
-9.10887,5.4384,,,3.60619,-7.61927,6.92823,4.89272,6.92823,4.89272,6.8345,3.69086,3.31982,8.27392
-9.08216,5.48355,,,3.60874,-7.68792,6.92608,4.96138,6.92608,4.96138,6.85772,3.75551,3.34296,8.33859
-9.01368,5.48895,,,3.61172,-7.75655,6.92328,5.03002,6.92328,5.03002,6.8806,3.82028,3.37097,8.4013
-8.94514,5.49361,,,3.61406,-7.82521,6.92007,5.09864,6.92007,5.09864,6.90348,3.88506,3.40367,8.46169
-8.87655,5.49757,,,3.61662,-7.89386,6.91749,5.16729,6.91749,5.16729,6.92637,3.94983,3.44089,8.51942
-8.80793,5.50082,,,3.61959,-7.9625,6.91561,5.23597,6.91561,5.23597,6.94925,4.01461,3.4824,8.57413
-8.73928,5.50337,,,3.62193,-8.03115,6.91445,5.30465,6.91445,5.30465,6.97213,4.07938,3.52796,8.62553
-8.67062,5.50549,,,3.62357,-8.09983,6.91399,5.37335,6.91399,5.37335,6.99502,4.14416,3.57658,8.67406
-8.60197,5.50825,,,3.62449,-8.16852,6.91424,5.44205,6.91424,5.44205,7.0179,4.20893,3.62539,8.7224
-8.53335,5.51142,,,3.62471,-8.23722,6.94056,5.48742,6.94056,5.48742,7.04078,4.27371,3.6742,8.77075
-8.4647,5.51397,,,3.62422,-8.30592,7.009,5.4934,7.009,5.4934,7.06367,4.33849,3.72301,8.81909
-8.39603,5.51609,,,3.62302,-8.37461,7.0775,5.49864,7.0775,5.49864,7.08655,4.40326,3.77182,8.86743
-8.32739,5.51885,,,3.62112,-8.44328,7.14605,5.50318,7.14605,5.50318,7.10943,4.46804,3.82063,8.91577
-8.25876,5.52203,,,3.6185,-8.51193,7.21464,5.50701,7.21464,5.50701,7.13232,4.53281,3.86945,8.96412
-8.19011,5.52457,,,3.61518,-8.58054,7.28326,5.51013,7.28326,5.51013,7.1552,4.59759,3.91826,9.01246
-8.12145,5.52669,,,3.61115,-8.64912,7.35192,5.51255,7.35192,5.51255,7.17808,4.66236,3.96707,9.0608
-8.0528,5.52945,,,3.60642,-8.71766,7.42057,5.51518,7.42057,5.51518,7.20097,4.72714,4.01588,9.10914
-7.98418,5.53263,,,3.6019,-8.78621,7.4892,5.51823,7.4892,5.51823,7.22385,4.79191,4.06469,9.15748
-7.91553,5.53517,,,3.59809,-8.8548,7.55785,5.52065,7.55785,5.52065,7.24673,4.85669,4.1135,9.20583
-7.84686,5.53729,,,3.59406,-8.92338,7.6265,5.52328,7.6265,5.52328,7.26962,4.92146,4.16231,9.25417
-7.77822,5.54005,,,3.58932,-8.99192,7.69513,5.52633,7.69513,5.52633,7.2925,4.98624,4.22831,9.26581
-7.7096,5.54323,,,3.58388,-9.0604,7.76379,5.52874,7.76379,5.52874,7.31539,5.05101,4.29678,9.27142
-7.64094,5.54577,,,3.5229,-9.07024,7.83244,5.53138,7.83244,5.53138,7.33827,5.11579,4.3653,9.27632
-7.57228,5.54789,,,3.45422,-9.07193,7.90107,5.53443,7.90107,5.53443,7.36115,5.18056,4.43387,9.28052
-7.50364,5.55065,,,3.38556,-9.07432,7.96972,5.53684,7.96972,5.53684,7.38404,5.24534,4.50248,9.28401
-7.43498,5.55319,,,3.31693,-9.07741,8.03837,5.53947,8.03837,5.53947,7.40692,5.31011,4.57112,9.28679
-7.36632,5.55531,,,3.2483,-9.08029,8.107,5.54252,8.107,5.54252,7.4298,5.37489,4.63978,9.28916
-7.29768,5.55807,,,3.17963,-9.08247,8.17566,5.54494,8.17566,5.54494,7.45269,5.43966,4.70841,9.29215
-7.22903,5.56061,,,3.11095,-9.08394,8.2443,5.54757,8.2443,5.54757,7.49287,5.48093,4.77705,9.29493
-7.16036,5.56273,,,3.04226,-9.0847,8.31293,5.55062,8.31293,5.55062,7.56154,5.48277,4.84571,9.29729
-7.09172,5.56549,,,2.97356,-9.08475,8.38159,5.55304,8.38159,5.55304,7.6302,5.48523,4.91434,9.30029
-7.02307,5.56803,,,2.93503,-9.02428,8.45024,5.55567,8.45024,5.55567,7.69883,5.4881,4.98298,9.30307
-6.9544,5.57015,,,2.94011,-8.95577,8.51887,5.55872,8.51887,5.55872,7.7675,5.49034,5.05164,9.30543
-6.88576,5.57291,,,2.94518,-8.88726,8.58752,5.56113,8.58752,5.56113,7.83615,5.49279,5.12028,9.30842
-6.81711,5.57545,,,2.95025,-8.81875,8.65617,5.56377,8.65617,5.56377,7.90479,5.49566,5.18892,9.3112
-6.74844,5.57757,,,2.95391,-8.75017,8.7248,5.56682,8.7248,5.56682,7.97345,5.4979,5.25757,9.31357
-6.67977,5.57941,,,2.9509,-8.68156,8.79346,5.56923,8.79346,5.56923,8.0421,5.50035,5.32621,9.31656
-6.61108,5.58054,,,2.9409,-8.61363,8.8621,5.57186,8.8621,5.57186,8.11074,5.50323,5.39485,9.31934
-6.54238,5.58096,,,2.924,-8.54707,8.93074,5.57491,8.93074,5.57491,8.1794,5.50546,5.46351,9.3217
-6.49675,5.55508,,,2.90039,-8.48259,8.99939,5.57733,8.99939,5.57733,8.24806,5.50792,5.53214,9.3247
-6.49011,5.4867,,,2.87032,-8.42086,9.06804,5.57996,9.06804,5.57996,8.3167,5.51079,5.60078,9.32748
-6.4842,5.41826,,,2.83409,-8.36252,9.13667,5.58301,9.13667,5.58301,8.38536,5.51303,5.66944,9.32984
,,,,2.7921,-8.3082,9.20532,5.58543,9.20532,5.58543,8.45401,5.51548,5.73807,9.33283
,,,,2.74477,-8.25845,9.274,5.58714,9.274,5.58714,8.52265,5.51836,5.80671,9.33561
,,,,2.6926,-8.21379,9.31789,5.56192,9.31789,5.56192,8.59131,5.52059,5.87535,9.33861
,,,,2.63614,-8.17471,9.31993,5.49326,9.31993,5.49326,8.65997,5.52305,5.94395,9.34231
,,,,2.57598,-8.14159,9.32216,5.42459,9.32216,5.42459,8.72861,5.52592,6.0125,9.34672
,,,,2.51276,-8.1148,9.3251,5.35596,9.3251,5.35596,8.79727,5.52816,6.08101,9.35184
,,,,2.44712,-8.09462,9.32782,5.28731,9.32782,5.28731,8.86592,5.53061,6.14946,9.35766
,,,,2.37977,-8.08124,9.33012,5.21866,9.33012,5.21866,8.93456,5.53348,6.21785,9.36418
,,,,2.3114,-8.07482,9.33305,5.15002,9.33305,5.15002,9.00322,5.53572,6.28626,9.37049
,,,,2.24274,-8.07542,9.33577,5.08138,9.33577,5.08138,9.07189,5.53789,6.3547,9.37639
,,,,2.17449,-8.08303,9.33808,5.01272,9.33808,5.01272,9.14057,5.53942,6.42309,9.38291
,,,,2.10739,-8.09758,9.34101,4.94408,9.34101,4.94408,9.20926,5.54024,6.4915,9.38922
,,,,2.04212,-8.11891,9.34373,4.87544,9.34373,4.87544,9.27796,5.54036,6.55994,9.39512
,,,,1.97937,-8.1468,9.34603,4.80678,9.34603,4.80678,9.32347,5.51428,6.62833,9.40165
,,,,1.9198,-8.18096,9.34897,4.73814,9.34897,4.73814,9.32981,5.44587,6.69674,9.40796
,,,,1.86403,-8.22103,9.35169,4.6695,9.35169,4.6695,9.33542,5.37741,6.76518,9.41385
,,,,1.81265,-8.26659,9.35399,4.60084,9.35399,4.60084,9.34032,5.30888,6.83357,9.42038
,,,,1.7662,-8.31716,9.35693,4.5322,9.35693,4.5322,9.34451,5.24031,6.90198,9.42669
,,,,1.72515,-8.37221,9.35965,4.46356,9.35965,4.46356,9.348,5.1717,6.97044,9.4323
,,,,1.68995,-8.43117,9.36195,4.3949,9.36195,4.3949,9.35078,5.10306,7.03897,9.4372
,,,,1.66096,-8.49341,9.36488,4.32626,9.36488,4.32626,9.35314,5.0344,7.10754,9.4414
,,,,1.63848,-8.5583,9.3676,4.25762,9.3676,4.25762,9.35614,4.96577,7.17615,9.44489
,,,,1.62275,-8.62514,9.36991,4.18896,9.36991,4.18896,9.35892,4.89713,7.24479,9.44767
,,,,1.61394,-8.69324,9.37284,4.12032,9.37284,4.12032,9.36128,4.82847,7.31346,9.44974
,,,,1.61213,-8.76189,9.37556,4.05168,9.37556,4.05168,9.36427,4.75984,7.38212,9.45204
,,,,1.61607,-8.83046,9.37786,3.98302,9.37786,3.98302,9.36705,4.6912,7.45075,9.45503
,,,,1.62013,-8.89904,9.3808,3.91438,9.3808,3.91438,9.36941,4.62254,7.51939,9.45781
,,,,1.62348,-8.96766,9.38352,3.84574,9.38352,3.84574,9.3724,4.55391,7.58806,9.45989
,,,,1.62613,-9.03631,9.38582,3.77708,9.38582,3.77708,9.37518,4.48526,7.65672,9.46218
,,,,1.62607,-9.10495,9.38876,3.70844,9.38876,3.70844,9.37754,4.41661,7.72535,9.46517
,,,,1.56538,-9.11611,9.39148,3.6398,9.39148,3.6398,9.38053,4.34797,7.79399,9.46795
,,,,1.49676,-9.11928,9.39378,3.57114,9.39378,3.57114,9.38331,4.27933,7.86266,9.47003
,,,,1.42817,-9.12315,9.39671,3.5025,9.39671,3.5025,9.38567,4.21067,7.93134,9.47139
,,,,1.35962,-9.12773,9.39943,3.43386,9.39943,3.43386,9.38867,4.14204,8.00004,9.47205
,,,,1.29113,-9.13302,9.40174,3.3652,9.40174,3.3652,9.39144,4.0734,8.06874,9.47201
,,,,1.22269,-9.13901,9.40467,3.29657,9.40467,3.29657,9.3938,4.00474,8.13743,9.47125
,,,,1.15432,-9.1457,9.40739,3.22792,9.40739,3.22792,9.3968,3.93611,8.20611,9.46979
,,,,1.08602,-9.1531,9.40969,3.15926,9.40969,3.15926,9.39957,3.86747,8.27478,9.46761
,,,,1.0178,-9.1612,9.41263,3.09063,9.41263,3.09063,9.40194,3.79881,8.34341,9.46474
,,,,0.94967,-9.17001,9.41535,3.02198,9.41535,3.02198,9.40493,3.73018,8.41202,9.46115
,,,,0.881633,-9.17952,9.41765,2.95332,9.41765,2.95332,9.40771,3.66153,8.48058,9.45686
,,,,0.813697,-9.18972,9.42059,2.88469,9.42059,2.88469,9.41007,3.59288,,
,,,,0.74587,-9.20063,9.42331,2.81604,9.42331,2.81604,9.41306,3.52424,,
,,,,0.67816,-9.21224,9.42561,2.74738,9.42561,2.74738,9.41584,3.4556,,
,,,,0.610572,-9.22454,9.42854,2.67875,9.42854,2.67875,9.4182,3.38694,,
,,,,0.543115,-9.23754,9.43126,2.6101,9.43126,2.6101,9.42119,3.31831,,
,,,,0.475617,-9.25032,9.43357,2.54144,9.43357,2.54144,9.42397,3.24967,,
,,,,0.40816,-9.26332,9.4365,2.47281,9.4365,2.47281,9.42633,3.18101,,
,,,,0.340841,-9.27702,9.43922,2.40416,9.43922,2.40416,9.42932,3.11238,,
,,,,0.273665,-9.2914,9.44152,2.3355,9.44152,2.3355,9.4321,3.04374,,
,,,,0.206445,-9.30558,9.44446,2.26687,9.44446,2.26687,9.43446,2.97508,,
,,,,0.139084,-9.31906,9.44718,2.19822,9.44718,2.19822,9.43746,2.90645,,
,,,,0.0715866,-9.33185,9.44948,2.12956,9.44948,2.12956,9.44023,2.8378,,
,,,,0.00396128,-9.34394,9.45242,2.06093,9.45242,2.06093,9.44231,2.76914,,
,,,,-0.0637851,-9.35534,9.45514,1.99228,9.45514,1.99228,9.4446,2.70048,,
,,,,-0.131645,-9.36604,9.45744,1.92363,9.45744,1.92363,9.44759,2.63184,,
,,,,-0.199612,-9.37603,9.46037,1.85499,9.46037,1.85499,9.45037,2.5632,,
,,,,-0.267678,-9.38533,9.46309,1.78635,9.46309,1.78635,9.45244,2.49453,,
,,,,-0.335837,-9.39392,9.4654,1.71769,9.4654,1.71769,9.45473,2.42587,,
,,,,-0.40408,-9.40182,9.46833,1.64905,9.46833,1.64905,9.45773,2.35724,,
,,,,-0.472401,-9.409,9.47105,1.58041,9.47105,1.58041,9.4605,2.2886,,
,,,,-0.540793,-9.41549,9.47307,1.51174,9.47307,1.51174,9.46258,2.21993,,
,,,,-0.609247,-9.42127,9.47437,1.44305,9.47437,1.44305,9.46487,2.15127,,
,,,,-0.677758,-9.42634,9.47498,1.37436,9.47498,1.37436,9.46786,2.08264,,
,,,,-0.746317,-9.43071,9.47487,1.30566,9.47487,1.30566,9.47064,2.014,,
,,,,-0.814918,-9.43437,9.47405,1.23696,9.47405,1.23696,9.47271,1.94533,,
,,,,-0.883552,-9.43732,9.47253,1.16828,9.47253,1.16828,9.47408,1.87665,,
,,,,-0.952214,-9.43956,9.4703,1.09962,9.4703,1.09962,9.47474,1.80795,,
,,,,-1.02087,-9.44203,9.46736,1.03099,9.46736,1.03099,9.47469,1.73925,,
,,,,-1.08951,-9.4449,9.46371,0.962385,9.46371,0.962385,9.47393,1.67056,,
,,,,-1.15817,-9.44715,9.43518,0.918369,9.43518,0.918369,9.47246,1.60188,,
,,,,-1.22682,-9.44961,9.36653,0.915783,9.36653,0.915783,9.47029,1.53321,,
,,,,-1.29546,-9.45249,9.29787,0.913645,9.29787,0.913645,9.46741,1.46458,,
,,,,-1.36412,-9.45473,9.22922,0.910874,9.22922,0.910874,9.46382,1.39597,,
,,,,-1.43277,-9.4572,9.1606,0.907683,9.1606,0.907683,9.45953,1.32741,,
,,,,-1.50141,-9.46007,9.09195,0.905124,9.09195,0.905124,9.45481,1.25887,,
,,,,-1.57007,-9.46232,9.02328,0.902986,9.02328,0.902986,9.45073,1.19029,,
,,,,-1.63873,-9.46478,8.95464,0.900215,8.95464,0.900215,9.44736,1.12168,,
,,,,-1.70737,-9.46766,8.88602,0.897024,8.88602,0.897024,9.44376,1.05308,,
,,,,-1.77603,-9.4699,8.81737,0.894465,8.81737,0.894465,9.43947,0.984511,,
,,,,-1.84471,-9.47144,8.7487,0.892327,8.7487,0.892327,9.41052,0.940767,,
,,,,-1.9134,-9.47227,8.68006,0.889557,8.68006,0.889557,9.34185,0.93883,,
,,,,-1.9821,-9.47239,8.61144,0.886365,8.61144,0.886365,9.27319,0.936705,,
,,,,-2.0508,-9.47181,8.54279,0.883806,8.54279,0.883806,9.20455,0.933876,,
,,,,-2.11948,-9.47051,8.47412,0.881669,8.47412,0.881669,9.1359,0.931263,,
,,,,-2.18815,-9.46851,8.40548,0.878898,8.40548,0.878898,9.06724,0.929067,,
,,,,-2.25679,-9.4658,8.33685,0.875706,8.33685,0.875706,8.9986,0.926238,,
,,,,-2.32541,-9.46239,8.2682,0.873147,8.2682,0.873147,8.92995,0.923625,,
,,,,-2.39398,-9.45826,8.19954,0.87101,8.19954,0.87101,8.86128,0.92143,,
,,,,-2.46253,-9.45372,8.1309,0.868239,8.1309,0.868239,8.79264,0.918601,,
,,,,-2.53112,-9.44981,8.06225,0.865684,8.06225,0.865684,8.724,0.915987,,
,,,,-2.59974,-9.44661,7.99358,0.863546,7.99358,0.863546,8.65533,0.913792,,
,,,,-2.66839,-9.44411,7.92494,0.860775,7.92494,0.860775,8.58669,0.910963,,
,,,,-2.73707,-9.44232,7.85629,0.85822,7.85629,0.85822,8.51804,0.90835,,
,,,,-2.80576,-9.44124,7.78762,0.856082,7.78762,0.856082,8.44938,0.906154,,
,,,,-2.87445,-9.44087,7.71898,0.853312,7.71898,0.853312,8.38074,0.903325,,
,,,,-2.94315,-9.4412,7.65033,0.850757,7.65033,0.850757,8.31209,0.900712,,
,,,,-3.01184,-9.44224,7.58167,0.848619,7.58167,0.848619,8.24343,0.898516,,
,,,,-3.08052,-9.44399,7.51302,0.845848,7.51302,0.845848,8.17479,0.895687,,
,,,,-3.14917,-9.44645,7.44437,0.843293,7.44437,0.843293,8.10614,0.893074,,
,,,,-3.21781,-9.44933,7.37571,0.841155,7.37571,0.841155,8.03748,0.890878,,
,,,,-3.28647,-9.45157,7.30707,0.838384,7.30707,0.838384,7.96884,0.888049,,
,,,,-3.35513,-9.45404,7.23842,0.835829,7.23842,0.835829,7.90019,0.885436,,
,,,,-3.42376,-9.45691,7.16975,0.833692,7.16975,0.833692,7.83153,0.88324,,
,,,,-3.49242,-9.45916,7.10111,0.830921,7.10111,0.830921,7.76289,0.880411,,
,,,,-3.56108,-9.46162,7.03246,0.828366,7.03246,0.828366,7.69424,0.877798,,
,,,,-3.62972,-9.4645,6.96379,0.826228,6.96379,0.826228,7.62558,0.875602,,
,,,,-3.69838,-9.46674,6.89515,0.823457,6.89515,0.823457,7.55694,0.872773,,
,,,,-3.76706,-9.46828,6.8265,0.820902,6.8265,0.820902,7.48829,0.87016,,
,,,,-3.83575,-9.46911,6.75783,0.818764,6.75783,0.818764,7.41962,0.867964,,
,,,,-3.90445,-9.46923,6.68919,0.815993,6.68919,0.815993,7.35098,0.865135,,
,,,,-3.97315,-9.46865,6.62054,0.813438,6.62054,0.813438,7.28234,0.862522,,
,,,,-4.04183,-9.46735,6.55188,0.811301,6.55188,0.811301,7.21367,0.860327,,
,,,,-4.1105,-9.46535,6.48323,0.80853,6.48323,0.80853,7.14503,0.857498,,
,,,,-4.17915,-9.46264,6.41458,0.805975,6.41458,0.805975,7.07638,0.854884,,
,,,,-4.24776,-9.45923,6.34592,0.803837,6.34592,0.803837,7.00772,0.852689,,
,,,,-4.31633,-9.4551,6.27727,0.801209,6.27727,0.801209,6.93908,0.84986,,
,,,,-4.38492,-9.4512,6.20862,0.798545,6.20862,0.798545,6.87043,0.847247,,
,,,,-4.45354,-9.44799,6.13998,0.79588,6.13998,0.79588,6.80177,0.845051,,
,,,,-4.5222,-9.4455,6.07133,0.793215,6.07133,0.793215,6.73313,0.842222,,
,,,,-4.59087,-9.44371,6.00268,0.79055,6.00268,0.79055,6.66448,0.839609,,
,,,,-4.65956,-9.44263,5.93404,0.787886,5.93404,0.787886,6.59582,0.837413,,
,,,,-4.72826,-9.44225,5.86539,0.785221,5.86539,0.785221,6.52718,0.834584,,
,,,,-4.79695,-9.44259,5.79674,0.782556,5.79674,0.782556,6.45853,0.831971,,
,,,,-4.86565,-9.44363,5.7281,0.779891,5.7281,0.779891,6.38987,0.829775,,
,,,,-4.93432,-9.44538,5.65945,0.777227,5.65945,0.777227,6.40276,0.88593,,
,,,,-5.00298,-9.44784,5.59088,0.773239,5.59088,0.773239,6.42726,0.950111,,
,,,,-5.07161,-9.45072,5.52297,0.763089,5.52297,0.763089,6.45176,1.01429,,
,,,,-5.14027,-9.45296,5.45632,0.746524,5.45632,0.746524,6.47626,1.07847,,
,,,,-5.20893,-9.45542,5.39155,0.723696,5.39155,0.723696,6.50076,1.14266,,
,,,,-5.27757,-9.4583,5.32925,0.69481,5.32925,0.69481,6.52526,1.20684,,
,,,,-5.34623,-9.46055,5.26998,0.66013,5.26998,0.66013,6.54975,1.27102,,
,,,,-5.41488,-9.46301,5.21428,0.619969,5.21428,0.619969,6.57425,1.3352,,
,,,,-5.48352,-9.46589,5.16265,0.574692,5.16265,0.574692,6.59875,1.39938,,
,,,,-5.55218,-9.46813,5.11556,0.524708,5.11556,0.524708,6.62325,1.46356,,
,,,,-5.62086,-9.46967,5.07343,0.470473,5.07343,0.470473,6.64775,1.52775,,
,,,,-5.68956,-9.4705,5.03666,0.412476,5.03666,0.412476,6.67225,1.59193,,
,,,,-5.75825,-9.47062,5.00557,0.351245,5.00557,0.351245,6.69675,1.65611,,
,,,,-5.82695,-9.47004,4.98045,0.287334,4.98045,0.287334,6.72124,1.72029,,
,,,,-5.89564,-9.46874,4.96151,0.221323,4.96151,0.221323,6.74574,1.78447,,
,,,,-5.9643,-9.46674,4.94895,0.153811,4.94895,0.153811,6.77024,1.84866,,
,,,,-6.03295,-9.46403,4.94286,0.0854095,4.94286,0.0854095,6.79474,1.91284,,
,,,,-6.10156,-9.46061,4.9433,0.016739,4.9433,0.016739,6.81924,1.97702,,
,,,,-6.17014,-9.45649,4.95028,-0.0515778,4.95028,-0.0515778,6.84374,2.0412,,
,,,,-6.23872,-9.45258,4.95997,-0.119588,4.95997,-0.119588,6.86824,2.10538,,
,,,,-6.30733,-9.44909,4.97038,-0.187493,4.97038,-0.187493,6.89274,2.16956,,
,,,,-6.37591,-9.44497,4.98149,-0.255288,4.98149,-0.255288,6.91723,2.23375,,
,,,,-6.44444,-9.44014,4.9933,-0.322964,4.9933,-0.322964,6.94173,2.29793,,
,,,,-6.51291,-9.43461,5.0058,-0.390515,5.0058,-0.390515,6.96623,2.36211,,
,,,,-6.51425,-9.37402,5.019,-0.457933,5.019,-0.457933,6.99073,2.42629,,
,,,,-6.51401,-9.30537,5.03289,-0.525212,5.03289,-0.525212,7.01523,2.49047,,
,,,,-6.52251,-9.23724,5.04747,-0.592344,5.04747,-0.592344,7.03973,2.55465,,
,,,,-6.53962,-9.17076,5.06275,-0.659323,5.06275,-0.659323,7.06423,2.61884,,
,,,,-6.56504,-9.10699,5.07871,-0.72614,5.07871,-0.72614,7.08873,2.68302,,
,,,,-6.59838,-9.04697,5.09536,-0.792789,5.09536,-0.792789,7.11322,2.7472,,
,,,,-6.63908,-8.99169,5.1127,-0.859264,5.1127,-0.859264,7.13772,2.81138,,
,,,,-6.68649,-8.94204,5.13072,-0.925556,5.13072,-0.925556,7.16222,2.87556,,
,,,,-6.73983,-8.89882,5.14943,-0.991658,5.14943,-0.991658,7.18672,2.93974,,
,,,,-6.79824,-8.86274,5.16881,-1.05756,5.16881,-1.05756,7.21122,3.00393,,
,,,,-6.86076,-8.8344,5.18888,-1.12327,5.18888,-1.12327,7.23572,3.06811,,
,,,,-6.92639,-8.81424,5.14356,-1.18018,5.14356,-1.18018,7.26022,3.13229,,
,,,,-6.99404,-8.80259,5.07871,-1.20279,5.07871,-1.20279,7.28471,3.19647,,
,,,,-7.06263,-8.79965,5.01573,-1.23018,5.01573,-1.23018,7.30921,3.26065,,
,,,,-7.13103,-8.80546,4.95497,-1.2622,4.95497,-1.2622,7.33371,3.32483,,
,,,,-7.19851,-8.81835,4.89677,-1.29867,4.89677,-1.29867,7.35821,3.38902,,
,,,,-7.26576,-8.83234,4.84145,-1.33939,4.84145,-1.33939,7.38271,3.4532,,
,,,,-7.33287,-8.84702,4.78934,-1.38412,4.78934,-1.38412,7.40721,3.51738,,
,,,,-7.39983,-8.8624,4.74071,-1.43262,4.74071,-1.43262,7.43171,3.58156,,
,,,,-7.46662,-8.87846,4.69584,-1.48462,4.69584,-1.48462,7.45621,3.64574,,
,,,,-7.53325,-8.89521,4.65498,-1.53983,4.65498,-1.53983,7.4807,3.70992,,
,,,,-7.5997,-8.91265,4.61835,-1.59793,4.61835,-1.59793,7.5052,3.77411,,
,,,,-7.66596,-8.93077,4.58617,-1.65861,4.58617,-1.65861,7.5297,3.83829,,
,,,,-7.73204,-8.94958,4.55862,-1.72152,4.55862,-1.72152,7.5542,3.90247,,
,,,,-7.79791,-8.96906,4.53583,-1.78631,4.53583,-1.78631,7.5787,3.96665,,
,,,,-7.86359,-8.98922,4.51796,-1.85263,4.51796,-1.85263,7.6032,4.03083,,
,,,,-7.92905,-9.01006,4.50508,-1.92009,4.50508,-1.92009,7.6277,4.09501,,
,,,,-7.99429,-9.03157,4.49729,-1.98833,4.49729,-1.98833,7.65219,4.1592,,
,,,,-8.05931,-9.05375,4.49461,-2.05696,4.49461,-2.05696,7.67669,4.22338,,
,,,,-8.1241,-9.0766,4.49706,-2.1256,4.49706,-2.1256,7.70119,4.28756,,
,,,,-8.18865,-9.10011,4.50464,-2.19386,4.50464,-2.19386,7.72569,4.35174,,
,,,,-8.25295,-9.12429,4.51729,-2.26137,4.51729,-2.26137,7.75019,4.41592,,
,,,,-8.317,-9.14913,4.53495,-2.32774,4.53495,-2.32774,7.77469,4.4801,,
,,,,-8.38079,-9.17463,4.55752,-2.39261,4.55752,-2.39261,7.79919,4.54429,,
,,,,-8.44431,-9.20079,4.58487,-2.45561,4.58487,-2.45561,7.82369,4.60847,,
,,,,-8.50756,-9.2276,4.61686,-2.51639,4.61686,-2.51639,7.84818,4.67265,,
,,,,-8.57053,-9.25506,4.65329,-2.57461,4.65329,-2.57461,7.87268,4.73683,,
,,,,-8.63322,-9.28317,4.69397,-2.62995,4.69397,-2.62995,7.89718,4.80101,,
,,,,-8.69561,-9.31192,4.73867,-2.6821,4.73867,-2.6821,7.92168,4.86519,,
,,,,-8.75783,-9.34105,4.78714,-2.73076,4.78714,-2.73076,7.94618,4.92938,,
,,,,-8.82031,-9.36961,4.83911,-2.77566,4.83911,-2.77566,7.97068,4.99356,,
,,,,-8.88308,-9.39752,4.89429,-2.81655,4.89429,-2.81655,7.99518,5.05774,,
,,,,-8.94613,-9.42479,4.95237,-2.85321,4.95237,-2.85321,8.01968,5.12192,,
,,,,-9.01118,-9.4452,5.01303,-2.88543,5.01303,-2.88543,8.04417,5.1861,,
,,,,-9.0793,-9.45412,5.07592,-2.91303,5.07592,-2.91303,8.06867,5.25029,,
,,,,-9.1475,-9.46232,5.1407,-2.93585,5.1407,-2.93585,8.09317,5.31447,,
,,,,-9.21579,-9.46981,5.207,-2.95377,5.207,-2.95377,8.11767,5.37865,,
,,,,-9.28415,-9.4766,5.27446,-2.96669,5.27446,-2.96669,8.14217,5.44283,,
,,,,-9.35267,-9.48069,5.34269,-2.97453,5.34269,-2.97453,8.18325,5.4853,,
,,,,-9.3981,-9.45208,5.41132,-2.97725,5.41132,-2.97725,8.25171,5.49103,,
,,,,-9.40451,-9.38369,5.47996,-2.97484,5.47996,-2.97484,8.32022,5.49603,,
,,,,-9.4102,-9.31522,5.54823,-2.96731,5.54823,-2.96731,8.38879,5.50032,,
,,,,-9.41518,-9.2467,5.61574,-2.9547,5.61574,-2.9547,8.45739,5.50391,,
,,,,-9.41945,-9.17814,5.68213,-2.93708,5.68213,-2.93708,8.52603,5.50678,,
,,,,-9.42301,-9.10953,5.74701,-2.91455,5.74701,-2.91455,8.59469,5.50895,,
,,,,-9.41946,-9.04145,5.81003,-2.88724,5.81003,-2.88724,8.66335,5.51134,,
,,,,-9.40407,-8.9745,5.87083,-2.85529,5.87083,-2.85529,8.73198,5.51443,,
,,,,-9.38887,-8.90751,5.92908,-2.8189,5.92908,-2.8189,8.80062,5.5173,,
,,,,-9.37435,-8.84036,5.98444,-2.77825,5.98444,-2.77825,8.86928,5.51947,,
,,,,-9.36053,-8.77307,6.03661,-2.73358,6.03661,-2.73358,8.93794,5.52186,,
,,,,-9.3474,-8.70563,6.09338,-2.70284,6.09338,-2.70284,9.00657,5.52494,,
,,,,-9.33405,-8.63824,6.16205,-2.70079,6.16205,-2.70079,9.0752,5.52782,,
,,,,-9.32048,-8.5709,6.23071,-2.69855,6.23071,-2.69855,9.14387,5.52999,,
,,,,-9.30689,-8.50356,6.29935,-2.69561,6.29935,-2.69561,9.21255,5.53145,,
,,,,-9.29331,-8.43622,6.36799,-2.69288,6.36799,-2.69288,9.28124,5.5322,,
,,,,-9.27973,-8.36887,6.43665,-2.69058,6.43665,-2.69058,9.327,5.50655,,
,,,,-9.26615,-8.30153,6.50528,-2.68763,6.50528,-2.68763,9.33397,5.4382,,
,,,,-9.25257,-8.23419,6.57393,-2.68491,6.57393,-2.68491,9.34022,5.36979,,
,,,,-9.23899,-8.16685,6.64259,-2.6826,6.64259,-2.6826,9.34576,5.30132,,
,,,,-9.22541,-8.0995,6.71122,-2.67966,6.71122,-2.67966,9.35059,5.23279,,
,,,,-9.21183,-8.03216,6.77987,-2.67693,6.77987,-2.67693,9.35471,5.16421,,
,,,,-9.19825,-7.96482,6.84853,-2.67463,6.84853,-2.67463,9.35813,5.0956,,
,,,,-9.18836,-7.89685,6.91716,-2.67169,6.91716,-2.67169,9.36085,5.02696,,
,,,,-9.18417,-7.8283,6.98581,-2.66896,6.98581,-2.66896,9.36314,4.9583,,
,,,,-9.18571,-7.75964,7.05447,-2.66665,7.05447,-2.66665,9.36606,4.88966,,
,,,,-9.19298,-7.69135,7.1231,-2.66371,7.1231,-2.66371,9.36877,4.82102,,
,,,,-9.20593,-7.62391,7.19174,-2.66098,7.19174,-2.66098,9.37106,4.75236,,
,,,,-9.22446,-7.55778,7.2604,-2.65868,7.2604,-2.65868,9.37399,4.68372,,
,,,,-9.24535,-7.49233,7.32904,-2.65574,7.32904,-2.65574,9.3767,4.61508,,
,,,,-9.26693,-7.42711,7.39768,-2.65301,7.39768,-2.65301,9.37899,4.54642,,
,,,,-9.2883,-7.36182,7.46634,-2.6507,7.46634,-2.6507,9.38191,4.47778,,
,,,,-9.30901,-7.29632,7.53498,-2.64776,7.53498,-2.64776,9.38462,4.40913,,
,,,,-9.32903,-7.2306,7.60362,-2.64504,7.60362,-2.64504,9.38691,4.34047,,
,,,,-9.34838,-7.16468,7.67228,-2.64273,7.67228,-2.64273,9.38984,4.27184,,
,,,,-9.36705,-7.09857,7.74092,-2.63979,7.74092,-2.63979,9.39255,4.20319,,
,,,,-9.38503,-7.03227,7.80956,-2.63706,7.80956,-2.63706,9.39484,4.13453,,
,,,,-9.40233,-6.96578,7.87822,-2.63475,7.87822,-2.63475,9.39776,4.0659,,
,,,,-9.41895,-6.89913,7.94686,-2.63181,7.94686,-2.63181,9.40047,3.99725,,
,,,,-9.43487,-6.8323,8.0155,-2.62909,8.0155,-2.62909,9.40276,3.92859,,
,,,,-9.45011,-6.76531,8.08416,-2.62678,8.08416,-2.62678,9.40569,3.85996,,
,,,,-9.46466,-6.69817,8.15279,-2.62384,8.15279,-2.62384,9.4084,3.79131,,
,,,,-9.47851,-6.63088,8.22144,-2.62111,8.22144,-2.62111,9.41069,3.72265,,
,,,,-9.49167,-6.56346,8.2901,-2.6188,8.2901,-2.6188,9.41361,3.65402,,
,,,,-9.50413,-6.4959,8.35873,-2.61586,8.35873,-2.61586,9.41632,3.58537,,
,,,,-9.5159,-6.42822,8.42738,-2.61314,8.42738,-2.61314,9.41861,3.51671,,
,,,,-9.52697,-6.36042,8.49604,-2.61083,8.49604,-2.61083,9.42154,3.44808,,
,,,,-9.53734,-6.29251,8.56467,-2.60789,8.56467,-2.60789,9.42425,3.37943,,
,,,,-9.54701,-6.22449,8.63332,-2.60516,8.63332,-2.60516,9.42654,3.31077,,
,,,,-9.55598,-6.15638,8.70198,-2.60285,8.70198,-2.60285,9.42946,3.24214,,
,,,,-9.56424,-6.08818,8.77061,-2.59991,8.77061,-2.59991,9.43217,3.17349,,
,,,,-9.57181,-6.0199,8.83925,-2.59719,8.83925,-2.59719,9.43446,3.10483,,
,,,,-9.57867,-5.95155,8.90791,-2.59488,8.90791,-2.59488,9.43739,3.0362,,
,,,,-9.58482,-5.88313,8.97655,-2.59194,8.97655,-2.59194,9.4401,2.96755,,
,,,,-9.59027,-5.81464,9.04519,-2.58921,9.04519,-2.58921,9.44239,2.89889,,
,,,,-9.59501,-5.74611,9.11385,-2.5869,9.11385,-2.5869,9.44531,2.83025,,
,,,,-9.59905,-5.67753,9.18252,-2.58489,9.18252,-2.58489,9.44802,2.76161,,
,,,,-9.60238,-5.60891,9.25121,-2.58357,9.25121,-2.58357,9.45031,2.69295,,
,,,,-9.605,-5.54026,9.31984,-2.58496,9.31984,-2.58496,9.45324,2.62431,,
,,,,-9.60691,-5.47159,9.33499,-2.64549,9.33499,-2.64549,9.45594,2.55567,,
,,,,-9.60812,-5.40291,9.34179,-2.71386,9.34179,-2.71386,9.45824,2.48701,,
,,,,-9.60862,-5.33421,9.34788,-2.78228,9.34788,-2.78228,9.46116,2.41837,,
,,,,-9.60841,-5.26551,9.35328,-2.85077,9.35328,-2.85077,9.46387,2.34973,,
,,,,-9.60749,-5.19682,9.35796,-2.91931,9.35796,-2.91931,9.46616,2.28107,,
,,,,-9.60587,-5.12814,9.36194,-2.98789,9.36194,-2.98789,9.4688,2.21242,,
,,,,-9.59671,-5.06017,9.36521,-3.05651,9.36521,-3.05651,9.4708,2.14375,,
,,,,-9.57546,-4.99497,9.36778,-3.12516,9.36778,-3.12516,9.4721,2.07507,,
,,,,-9.54885,-4.93164,9.36992,-3.19383,9.36992,-3.19383,9.47269,2.00637,,
,,,,-9.52157,-4.86859,9.3727,-3.26247,9.3727,-3.26247,9.47257,1.93767,,
,,,,-9.49407,-4.80564,9.37526,-3.33112,9.37526,-3.33112,9.47175,1.86898,,
,,,,-9.46656,-4.74268,9.3774,-3.39978,9.3774,-3.39978,9.47021,1.8003,,
,,,,-9.43905,-4.67973,9.38018,-3.46842,9.38018,-3.46842,9.46797,1.73164,,
,,,,-9.41154,-4.61678,9.38274,-3.53707,9.38274,-3.53707,9.46502,1.663,,
,,,,-9.38404,-4.55383,9.38488,-3.60574,9.38488,-3.60574,9.46136,1.5944,,
,,,,-9.35653,-4.49088,9.38766,-3.67438,9.38766,-3.67438,9.45729,1.52582,,
,,,,-9.32902,-4.42793,9.39022,-3.74303,9.39022,-3.74303,9.45384,1.45721,,
,,,,-9.30151,-4.36498,9.39236,-3.8117,9.39236,-3.8117,9.4511,1.38857,,
,,,,-9.274,-4.30203,9.39514,-3.88034,9.39514,-3.88034,9.44908,1.3199,,
,,,,-9.2465,-4.23908,9.3977,-3.94899,9.3977,-3.94899,9.44775,1.25122,,
,,,,-9.2235,-4.17438,9.39984,-4.01765,9.39984,-4.01765,9.44685,1.18252,,
,,,,-9.20759,-4.10758,9.40262,-4.0863,9.40262,-4.0863,9.44532,1.11384,,
,,,,-9.19898,-4.03946,9.40518,-4.15495,9.40518,-4.15495,9.44308,1.04518,,
,,,,-9.19776,-3.97081,9.40732,-4.22361,9.40732,-4.22361,9.44013,0.976545,,
,,,,-9.20259,-3.90229,9.4101,-4.29225,9.4101,-4.29225,9.41204,0.932242,,
,,,,-9.20756,-3.83377,9.41266,-4.3609,9.41266,-4.3609,9.34342,0.928959,,
,,,,-9.21182,-3.7652,9.4148,-4.42957,9.4148,-4.42957,9.27477,0.926412,,
,,,,-9.21538,-3.6966,9.41758,-4.49821,9.41758,-4.49821,9.20611,0.924285,,
,,,,-9.21823,-3.62796,9.42014,-4.56686,9.42014,-4.56686,9.13746,0.921525,,
,,,,-9.22038,-3.55929,9.42228,-4.63553,9.42228,-4.63553,9.06884,0.918344,,
,,,,-9.22182,-3.49061,9.42506,-4.70417,9.42506,-4.70417,9.00019,0.915796,,
,,,,-9.22255,-3.42191,9.42762,-4.77282,9.42762,-4.77282,8.93152,0.913669,,
,,,,-9.22257,-3.35322,9.42977,-4.84148,9.42977,-4.84148,8.86288,0.91091,,
,,,,-9.22188,-3.28452,9.43226,-4.91014,9.43226,-4.91014,8.79426,0.907729,,
,,,,-9.22049,-3.21584,9.43411,-4.97881,9.43411,-4.97881,8.7256,0.905181,,
,,,,-9.21838,-3.14717,9.43526,-5.0475,9.43526,-5.0475,8.65694,0.903054,,
,,,,-9.21557,-3.07853,9.40987,-5.0934,9.40987,-5.0934,8.5883,0.900294,,
,,,,-9.21206,-3.00992,9.34157,-5.10077,9.34157,-5.10077,8.51967,0.897113,,
,,,,-9.20783,-2.94135,9.27319,-5.1074,9.27319,-5.1074,8.45102,0.894566,,
,,,,-9.20319,-2.87281,9.20475,-5.11334,9.20475,-5.11334,8.38236,0.892439,,
,,,,-9.19918,-2.80423,9.13625,-5.11856,9.13625,-5.11856,8.31371,0.889679,,
,,,,-9.19587,-2.73561,9.0677,-5.12308,9.0677,-5.12308,8.24509,0.886498,,
,,,,-9.19328,-2.66697,8.99911,-5.1269,8.99911,-5.1269,8.17644,0.88395,,
,,,,-9.19139,-2.59829,8.93048,-5.13,8.93048,-5.13,8.10777,0.881824,,
,,,,-9.1902,-2.52961,8.86182,-5.1324,8.86182,-5.1324,8.03913,0.879064,,
,,,,-9.18973,-2.46091,8.79318,-5.13502,8.79318,-5.13502,7.97051,0.875883,,
,,,,-9.18996,-2.39221,8.72454,-5.13805,8.72454,-5.13805,7.90185,0.873335,,
,,,,-9.19091,-2.32352,8.65589,-5.14045,8.65589,-5.14045,7.83319,0.871208,,
,,,,-9.19255,-2.25484,8.58724,-5.14307,8.58724,-5.14307,7.76455,0.868448,,
,,,,-9.19491,-2.18618,8.51861,-5.1461,8.51861,-5.1461,7.69592,0.865268,,
,,,,-9.19769,-2.11754,8.44995,-5.1485,8.44995,-5.1485,7.62727,0.86272,,
,,,,-9.19983,-2.04888,8.3813,-5.15112,8.3813,-5.15112,7.55861,0.860593,,
,,,,-9.2022,-1.98022,8.31267,-5.15415,8.31267,-5.15415,7.48996,0.857833,,
,,,,-9.20497,-1.91158,8.24402,-5.15655,8.24402,-5.15655,7.42131,0.855289,,
,,,,-9.20712,-1.84291,8.17537,-5.15916,8.17537,-5.15916,7.35265,0.853162,,
,,,,-9.20948,-1.77425,8.10674,-5.1622,8.10674,-5.1622,7.284,0.850402,,
,,,,-9.21226,-1.70561,8.03808,-5.1646,8.03808,-5.1646,7.21535,0.847858,,
,,,,-9.2144,-1.63695,7.96943,-5.16721,7.96943,-5.16721,7.14669,0.845731,,
,,,,-9.21676,-1.56829,7.9008,-5.17025,7.9008,-5.17025,7.07804,0.842971,,
,,,,-9.2189,-1.49963,7.83215,-5.17264,7.83215,-5.17264,7.00939,0.840427,,
,,,,-9.22034,-1.43094,7.7635,-5.17526,7.7635,-5.17526,6.94073,0.8383,,
,,,,-9.22107,-1.36225,7.69487,-5.17829,7.69487,-5.17829,6.87209,0.83554,,
,,,,-9.22109,-1.29355,7.62621,-5.18069,7.62621,-5.18069,6.80343,0.832996,,
,,,,-9.2204,-1.22486,7.55756,-5.18331,7.55756,-5.18331,6.73477,0.830869,,
,,,,-9.21901,-1.15617,7.48893,-5.18634,7.48893,-5.18634,6.66613,0.828109,,
,,,,-9.21691,-1.08751,7.42027,-5.18874,7.42027,-5.18874,6.59748,0.825565,,
,,,,-9.2141,-1.01886,7.35163,-5.19136,7.35163,-5.19136,6.52881,0.823438,,
,,,,-9.21058,-0.950257,7.28299,-5.19439,7.28299,-5.19439,6.46017,0.820678,,
,,,,-9.20636,-0.881688,7.21434,-5.19679,7.21434,-5.19679,6.39152,0.818134,,
,,,,-9.20235,-0.813107,7.14569,-5.1994,7.14569,-5.1994,6.37042,0.873191,,
,,,,-9.19904,-0.744489,7.07706,-5.20244,7.07706,-5.20244,6.39532,0.937221,,
,,,,-9.19645,-0.67584,7.0084,-5.20484,7.0084,-5.20484,6.42021,1.00125,,
,,,,-9.19456,-0.607167,6.93972,-5.20653,6.93972,-5.20653,6.4451,1.06528,,
,,,,-9.19338,-0.538479,6.87103,-5.20751,6.87103,-5.20751,6.47,1.12931,,
,,,,-9.1929,-0.469783,6.80268,-5.20358,6.80268,-5.20358,6.49489,1.19334,,
,,,,-9.19313,-0.401085,6.73501,-5.19173,6.73501,-5.19173,6.51978,1.25737,,
,,,,-9.19408,-0.332394,6.66724,-5.18047,6.66724,-5.18047,6.54468,1.3214,,
,,,,-9.19573,-0.263715,6.59936,-5.16991,6.59936,-5.16991,6.56957,1.38543,,
,,,,-9.19808,-0.195058,6.53137,-5.16005,6.53137,-5.16005,6.59446,1.44946,,
,,,,-9.20086,-0.126415,6.46329,-5.15089,6.46329,-5.15089,6.61936,1.51349,,
,,,,-9.20301,-0.0577508,6.39511,-5.14243,6.39511,-5.14243,6.64425,1.57752,,
,,,,-9.20537,0.0109068,6.32685,-5.13468,6.32685,-5.13468,6.66914,1.64155,,
,,,,-9.20814,0.0795489,6.25852,-5.12763,6.25852,-5.12763,6.69404,1.70558,,
,,,,-9.21029,0.148214,6.19021,-5.12037,6.19021,-5.12037,6.71893,1.76961,,
,,,,-9.21265,0.216871,6.12197,-5.1124,6.12197,-5.1124,6.74382,1.83364,,
,,,,-9.21543,0.285513,6.05382,-5.10373,6.05382,-5.10373,6.76872,1.89767,,
,,,,-9.21757,0.354178,5.98565,-5.09528,5.98565,-5.09528,6.79361,1.96169,,
,,,,-9.21901,0.422861,5.91739,-5.08753,5.91739,-5.08753,6.8185,2.02572,,
,,,,-9.21974,0.491555,5.84905,-5.08048,5.84905,-5.08048,6.8434,2.08975,,
,,,,-9.21976,0.560253,5.78065,-5.07413,5.78065,-5.07413,6.86829,2.15378,,
,,,,-9.21907,0.628948,5.71218,-5.06849,5.71218,-5.06849,6.89318,2.21781,,
,,,,-9.21768,0.697632,5.64366,-5.06356,5.64366,-5.06356,6.91808,2.28184,,
,,,,-9.21558,0.766298,5.57509,-5.05933,5.57509,-5.05933,6.94297,2.34587,,
,,,,-9.21277,0.834939,5.50648,-5.05581,5.50648,-5.05581,6.96786,2.4099,,
,,,,-9.20925,0.903547,5.43784,-5.053,5.43784,-5.053,6.99276,2.47393,,
,,,,-9.20503,0.972115,5.36918,-5.05089,5.36918,-5.05089,7.01765,2.53796,,
,,,,-9.20102,1.0407,5.30049,-5.04949,5.30049,-5.04949,7.04254,2.60199,,
,,,,-9.19771,1.10931,5.2318,-5.0488,5.2318,-5.0488,7.06744,2.66602,,
,,,,-9.19512,1.17796,5.1631,-5.04882,5.1631,-5.04882,7.09233,2.73005,,
,,,,-9.19323,1.24664,5.09441,-5.04954,5.09441,-5.04954,7.11722,2.79408,,
,,,,-9.19204,1.31532,5.02572,-5.05097,5.02572,-5.05097,7.14212,2.85811,,
,,,,-9.19157,1.38402,4.95706,-5.05311,4.95706,-5.05311,7.16701,2.92214,,
,,,,-9.1918,1.45272,4.88842,-5.05596,4.88842,-5.05596,7.19191,2.98617,,
,,,,-9.19275,1.52141,4.81977,-5.05859,4.81977,-5.05859,7.2168,3.0502,,
,,,,-9.19439,1.59009,4.75111,-5.06081,4.75111,-5.06081,7.24169,3.11423,,
,,,,-9.19675,1.65875,4.68247,-5.06366,4.68247,-5.06366,7.26659,3.17826,,
,,,,-9.19953,1.72739,4.61382,-5.06629,4.61382,-5.06629,7.29148,3.24229,,
,,,,-9.20167,1.79605,4.54516,-5.0685,4.54516,-5.0685,7.31637,3.30632,,
,,,,-9.20403,1.86471,4.4765,-5.07089,4.4765,-5.07089,7.34127,3.37035,,
,,,,-9.20681,1.93335,4.40785,-5.07328,4.40785,-5.07328,7.36616,3.43438,,
,,,,-9.20896,2.00202,4.33919,-5.07566,4.33919,-5.07566,7.39105,3.49841,,
,,,,-9.21132,2.07067,4.27053,-5.07805,4.27053,-5.07805,7.41595,3.56244,,
,,,,-9.2141,2.13932,4.20188,-5.08044,4.20188,-5.08044,7.44084,3.62647,,
,,,,-9.21624,2.20798,4.13322,-5.08283,4.13322,-5.08283,7.46573,3.6905,,
,,,,-9.21831,2.27665,4.06456,-5.08522,4.06456,-5.08522,7.49063,3.75452,,
,,,,-9.21975,2.34533,3.9959,-5.0876,3.9959,-5.0876,7.51552,3.81855,,
,,,,-9.22048,2.41403,3.92725,-5.08999,3.92725,-5.08999,7.54041,3.88258,,
,,,,-9.2205,2.48272,3.85859,-5.09238,3.85859,-5.09238,7.56531,3.94661,,
,,,,-9.21982,2.55142,3.79017,-5.09838,3.79017,-5.09838,7.5902,4.01064,,
,,,,-9.21842,2.6201,3.72246,-5.10987,3.72246,-5.10987,7.61509,4.07467,,
,,,,-9.21632,2.68877,3.6559,-5.12679,3.6559,-5.12679,7.63999,4.1387,,
,,,,-9.21351,2.75741,3.59092,-5.14902,3.59092,-5.14902,7.66488,4.20273,,
,,,,-9.20999,2.82602,3.52794,-5.17642,3.52794,-5.17642,7.68977,4.26676,,
,,,,-9.20577,2.89459,3.46738,-5.20882,3.46738,-5.20882,7.71467,4.33079,,
,,,,-9.20176,2.96317,3.40964,-5.246,3.40964,-5.246,7.73956,4.39482,,
,,,,-9.19846,3.03178,3.35508,-5.28772,3.35508,-5.28772,7.76445,4.45885,,
,,,,-9.19557,3.10042,3.30407,-5.33371,3.30407,-5.33371,7.78935,4.52288,,
,,,,-9.19206,3.16903,3.25694,-5.38366,3.25694,-5.38366,7.81424,4.58691,,
,,,,-9.18783,3.2376,3.21399,-5.43725,3.21399,-5.43725,7.83913,4.65094,,
,,,,-9.1829,3.30612,3.17551,-5.49414,3.17551,-5.49414,7.86403,4.71497,,
,,,,-9.17727,3.37459,3.14174,-5.55394,3.14174,-5.55394,7.88892,4.779,,
,,,,-9.17121,3.44302,3.11291,-5.61628,3.11291,-5.61628,7.91381,4.84303,,
,,,,-9.16579,3.5115,3.0892,-5.68074,3.0892,-5.68074,7.93871,4.90706,,
,,,,-9.16107,3.58004,3.07078,-5.7469,3.07078,-5.7469,7.9636,4.97109,,
,,,,-9.15706,3.64862,3.05775,-5.81433,3.05775,-5.81433,7.98849,5.03512,,
,,,,-9.15375,3.71724,3.05021,-5.88259,3.05021,-5.88259,8.01339,5.09915,,
,,,,-9.15116,3.78589,3.0482,-5.95124,3.0482,-5.95124,8.03828,5.16318,,
,,,,-9.14927,3.85456,3.05174,-6.01983,3.05174,-6.01983,8.06317,5.22721,,
,,,,-9.14808,3.92325,3.05983,-6.08805,3.05983,-6.08805,8.08807,5.29124,,
,,,,-9.14761,3.99194,3.06888,-6.15615,3.06888,-6.15615,8.11296,5.35527,,
,,,,-9.14692,4.06064,3.07863,-6.22415,3.07863,-6.22415,8.13785,5.4193,,
,,,,-9.14553,4.12932,3.08908,-6.29205,3.08908,-6.29205,8.16275,5.48333,,
,,,,-9.14371,4.19799,3.10023,-6.35984,3.10023,-6.35984,8.10556,5.49441,,
,,,,-9.14253,4.26668,3.11207,-6.42751,3.11207,-6.42751,8.03692,5.49719,,
,,,,-9.14205,4.33538,3.12461,-6.49505,3.12461,-6.49505,7.96825,5.49927,,
,,,,-9.14229,4.40408,3.13785,-6.56246,3.13785,-6.56246,7.89957,5.50063,,
,,,,-9.14323,4.47277,3.15178,-6.62973,3.15178,-6.62973,7.83087,5.5013,,
,,,,-9.14488,4.54145,3.16641,-6.69686,3.16641,-6.69686,7.76217,5.50125,,
,,,,-9.14724,4.6101,3.18172,-6.76382,3.18172,-6.76382,7.69348,5.50078,,
,,,,-9.1503,4.67873,3.19773,-6.83063,3.19773,-6.83063,7.62478,5.50095,,
,,,,-9.15315,4.74737,3.21442,-6.89727,3.21442,-6.89727,7.55608,5.50089,,
,,,,-9.15529,4.81604,3.2318,-6.96374,3.2318,-6.96374,7.48738,5.50043,,
,,,,-9.15765,4.8847,3.24986,-7.03002,3.24986,-7.03002,7.41869,5.50059,,
,,,,-9.16072,4.95333,3.2686,-7.09611,3.2686,-7.09611,7.34999,5.50054,,
,,,,-9.16357,5.02196,3.28803,-7.162,3.28803,-7.162,7.28129,5.50007,,
,,,,-9.16571,5.09063,3.30813,-7.2277,3.30813,-7.2277,7.2126,5.49931,,
,,,,-9.16807,5.15929,3.32891,-7.29318,3.32891,-7.29318,7.14391,5.49785,,
,,,,-9.17114,5.22792,3.35036,-7.35844,3.35036,-7.35844,7.07525,5.49568,,
,,,,-9.17398,5.29656,3.37248,-7.42348,3.37248,-7.42348,7.00661,5.4928,,
,,,,-9.17613,5.36522,3.39527,-7.48828,3.39527,-7.48828,6.93801,5.48922,,
,,,,-9.17757,5.4339,3.41873,-7.55285,3.41873,-7.55285,6.92652,5.42852,,
,,,,-9.15218,5.47769,3.44285,-7.61718,3.44285,-7.61718,6.9239,5.35987,,
,,,,-9.08351,5.47946,3.46764,-7.68125,3.46764,-7.68125,6.92198,5.2912,,
,,,,-9.01484,5.48142,3.49222,-7.7454,3.49222,-7.7454,6.92078,5.22251,,
,,,,-8.94619,5.48408,3.51614,-7.8098,3.51614,-7.8098,6.92028,5.15382,,
,,,,-8.87756,5.48717,3.5394,-7.87444,3.5394,-7.87444,6.9205,5.08512,,
,,,,-8.80891,5.48962,3.56199,-7.93931,3.56199,-7.93931,6.92113,5.01642,,
,,,,-8.74026,5.49229,3.58392,-8.00442,3.58392,-8.00442,6.92113,4.94773,,
,,,,-8.67163,5.49537,3.60517,-8.06975,3.60517,-8.06975,6.92134,4.87903,,
,,,,-8.60298,5.49782,3.62574,-8.13529,3.62574,-8.13529,6.92198,4.81033,,
,,,,-8.53433,5.50049,3.64151,-8.20192,3.64151,-8.20192,6.92198,4.74164,,
,,,,-8.4657,5.50358,3.6492,-8.27019,3.6492,-8.27019,6.94523,4.78889,,
,,,,-8.39705,5.50603,3.65617,-8.33853,3.65617,-8.33853,6.97149,4.85238,,
,,,,-8.3284,5.5087,3.66242,-8.40694,3.66242,-8.40694,6.99774,4.91586,,
,,,,-8.25977,5.51178,3.66797,-8.47542,3.66797,-8.47542,7.02399,4.97935,,
,,,,-8.19112,5.51423,3.67282,-8.54394,3.67282,-8.54394,7.05024,5.04283,,
,,,,-8.12247,5.5169,3.67696,-8.61252,3.67696,-8.61252,7.0765,5.10631,,
,,,,-8.05384,5.51998,3.68039,-8.68113,3.68039,-8.68113,7.10275,5.1698,,
,,,,-7.98519,5.52244,3.68312,-8.74977,3.68312,-8.74977,7.129,5.23328,,
,,,,-7.91654,5.5251,3.68513,-8.81844,3.68513,-8.81844,7.15526,5.29677,,
,,,,-7.84791,5.52819,3.68645,-8.88713,3.68645,-8.88713,7.18151,5.36025,,
,,,,-7.77926,5.53064,3.68705,-8.95582,3.68705,-8.95582,7.20776,5.42374,,
,,,,-7.71061,5.53331,3.68694,-9.02452,3.68694,-9.02452,7.16378,5.4626,,
,,,,-7.64198,5.53639,3.68414,-9.09311,3.68414,-9.09311,7.0951,5.46095,,
,,,,-7.57333,5.53884,3.67004,-9.16022,3.67004,-9.16022,7.02644,5.45859,,
,,,,-7.50468,5.54151,3.60765,-9.17322,3.60765,-9.17322,6.95781,5.45553,,
,,,,-7.43605,5.5446,3.53911,-9.1779,3.53911,-9.1779,6.91356,5.42737,,
,,,,-7.3674,5.54705,3.47053,-9.18187,3.47053,-9.18187,6.91039,5.35875,,
,,,,-7.29875,5.54972,3.40191,-9.18514,3.40191,-9.18514,6.90796,5.29009,,
,,,,-7.23012,5.5528,3.33326,-9.1877,3.33326,-9.1877,6.90623,5.22141,,
,,,,-7.16147,5.55525,3.26459,-9.18984,3.26459,-9.18984,6.90522,5.15272,,
,,,,-7.09282,5.55792,3.19595,-9.19261,3.19595,-9.19261,6.90491,5.08403,,
,,,,-7.02419,5.56101,3.1273,-9.19517,3.1273,-9.19517,6.90531,5.01533,,
,,,,-6.95554,5.56346,3.05863,-9.19702,3.05863,-9.19702,6.90549,4.94663,,
,,,,-6.88689,5.56612,2.98994,-9.19817,2.98994,-9.19817,6.90525,4.87793,,
,,,,-6.81826,5.56921,2.92124,-9.19861,2.92124,-9.19861,6.90565,4.80924,,
,,,,-6.74961,5.57166,2.90622,-9.13869,2.90622,-9.13869,6.90584,4.74054,,
,,,,-6.68093,5.57341,2.89912,-9.07036,2.89912,-9.07036,6.94224,4.7851,,
,,,,-6.61224,5.57444,2.89203,-9.00202,2.89203,-9.00202,6.96864,4.84852,,
,,,,-6.54354,5.57477,2.88494,-8.93369,2.88494,-8.93369,6.99505,4.91194,,
,,,,-6.53378,5.51449,2.87785,-8.86536,2.87785,-8.86536,7.02146,4.97536,,
,,,,-6.53222,5.44581,2.87076,-8.79703,2.87076,-8.79703,7.04787,5.03878,,
,,,,-6.52996,5.37714,2.86367,-8.7287,2.86367,-8.7287,7.07427,5.1022,,
,,,,-6.52699,5.30851,2.85657,-8.66037,2.85657,-8.66037,7.10068,5.16562,,
,,,,-6.52423,5.23987,2.84948,-8.59204,2.84948,-8.59204,7.12709,5.22904,,
,,,,-6.52189,5.17121,2.84239,-8.5237,2.84239,-8.5237,7.15349,5.29246,,
,,,,-6.51892,5.10258,2.8353,-8.45537,2.8353,-8.45537,7.1799,5.35588,,
,,,,-6.51617,5.03393,2.82458,-8.38754,2.82458,-8.38754,7.20631,5.4193,,
,,,,-6.51383,4.96527,2.80837,-8.3208,2.80837,-8.3208,7.16242,5.45828,,
,,,,-6.51086,4.89664,2.78677,-8.2556,2.78677,-8.2556,7.09374,5.45679,,
,,,,-6.5081,4.828,2.75992,-8.19239,2.75992,-8.19239,7.02508,5.4546,,
,,,,-6.50577,4.75934,2.728,-8.13158,2.728,-8.13158,6.95644,5.4517,,
,,,,-6.50279,4.6907,2.69122,-8.07358,2.69122,-8.07358,6.91212,5.42365,,
,,,,-6.50004,4.62206,2.64983,-8.01877,2.64983,-8.01877,6.90878,5.35504,,
,,,,-6.4977,4.5534,2.6041,-7.96753,2.6041,-7.96753,6.90618,5.28639,,
,,,,-6.49473,4.48477,2.55434,-7.92019,2.55434,-7.92019,6.90429,5.21771,,
,,,,-6.49198,4.41613,2.50089,-7.87707,2.50089,-7.87707,6.90311,5.14903,,
,,,,-6.48964,4.34747,2.44409,-7.83846,2.44409,-7.83846,6.90263,5.08033,,
,,,,-6.48667,4.27883,2.38433,-7.80461,2.38433,-7.80461,6.90286,5.01163,,
,,,,-6.48391,4.21019,2.32201,-7.77575,2.32201,-7.77575,6.90351,4.94294,,
,,,,-6.48157,4.14153,2.25754,-7.75208,2.25754,-7.75208,6.90353,4.87424,,
,,,,-6.4786,4.0729,2.19136,-7.73374,2.19136,-7.73374,6.90377,4.80554,,
,,,,-6.47585,4.00426,2.12389,-7.72087,2.12389,-7.72087,6.90442,4.73685,,
,,,,-6.47351,3.9356,2.05561,-7.71355,2.05561,-7.71355,6.92775,4.78411,,
,,,,-6.47054,3.86696,1.98695,-7.71183,1.98695,-7.71183,6.95399,4.8476,,
,,,,-6.46778,3.79832,1.91838,-7.71572,1.91838,-7.71572,6.98022,4.9111,,
,,,,-6.46545,3.72966,1.85036,-7.7252,1.85036,-7.7252,7.00645,4.97459,,
,,,,-6.46247,3.66103,1.78334,-7.74019,1.78334,-7.74019,7.03269,5.03808,,
,,,,-6.45972,3.59239,1.71776,-7.76061,1.71776,-7.76061,7.05892,5.10157,,
,,,,-6.45738,3.52373,1.65407,-7.78631,1.65407,-7.78631,7.08516,5.16506,,
,,,,-6.45441,3.45509,1.59269,-7.81712,1.59269,-7.81712,7.11139,5.22856,,
,,,,-6.45166,3.38645,1.53403,-7.85284,1.53403,-7.85284,7.13763,5.29205,,
,,,,-6.44932,3.31779,1.47849,-7.89323,1.47849,-7.89323,7.16386,5.35554,,
,,,,-6.44635,3.24916,1.42642,-7.93802,1.42642,-7.93802,7.1901,5.41903,,
,,,,-6.44359,3.18052,1.37595,-7.98462,1.37595,-7.98462,,,,
,,,,-6.44154,3.11185,1.32596,-8.03175,1.32596,-8.03175,,,,
,,,,-6.4402,3.04316,1.27647,-8.07939,1.27647,-8.07939,,,,
,,,,-6.43956,2.97447,1.22747,-8.12754,1.22747,-8.12754,,,,
,,,,-6.4653,2.92876,1.17896,-8.17619,1.17896,-8.17619,,,,
,,,,-6.53365,2.9219,1.13096,-8.22534,1.13096,-8.22534,,,,
,,,,-6.60207,2.91577,1.08347,-8.27498,1.08347,-8.27498,,,,
,,,,-6.67056,2.91035,1.0365,-8.3251,1.0365,-8.3251,,,,
,,,,-6.73909,2.90564,0.990042,-8.37571,0.990042,-8.37571,,,,
,,,,-6.80768,2.90163,0.94411,-8.4268,0.94411,-8.4268,,,,
,,,,-6.87629,2.89833,0.898706,-8.47835,0.898706,-8.47835,,,,
,,,,-6.94494,2.89574,0.853835,-8.53037,0.853835,-8.53037,,,,
,,,,-7.01362,2.89385,0.809504,-8.58285,0.809504,-8.58285,,,,
,,,,-7.0823,2.89267,0.765715,-8.63578,0.765715,-8.63578,,,,
,,,,-7.151,2.8922,0.722474,-8.68917,0.722474,-8.68917,,,,
,,,,-7.2197,2.89244,0.679785,-8.74299,0.679785,-8.74299,,,,
,,,,-7.28839,2.89338,0.637654,-8.79725,0.637654,-8.79725,,,,
,,,,-7.29355,2.95374,0.596084,-8.85195,0.596084,-8.85195,,,,
,,,,-7.29659,3.02233,0.555079,-8.90706,0.555079,-8.90706,,,,
,,,,-7.30721,3.09017,0.514645,-8.9626,0.514645,-8.9626,,,,
,,,,-7.32529,3.15641,0.474785,-9.01855,0.474785,-9.01855,,,,
,,,,-7.35059,3.22024,0.435504,-9.07491,0.435504,-9.07491,,,,
,,,,-7.38281,3.28088,0.396805,-9.13168,0.396805,-9.13168,,,,
,,,,-7.42154,3.33757,0.358694,-9.18883,0.358694,-9.18883,,,,
,,,,-7.46632,3.38962,0.321174,-9.24638,0.321174,-9.24638,,,,
,,,,-7.51659,3.43639,0.284248,-9.30431,0.284248,-9.30431,,,,
,,,,-7.57173,3.47731,0.219555,-9.31495,0.219555,-9.31495,,,,
,,,,-7.63106,3.51187,0.150927,-9.31806,0.150927,-9.31806,,,,
,,,,-7.69386,3.53964,0.0822713,-9.32047,0.0822713,-9.32047,,,,
,,,,-7.75934,3.56028,0.0136231,-9.32309,0.0136231,-9.32309,,,,
,,,,-7.82671,3.57354,-0.0550079,-9.32613,-0.0550079,-9.32613,,,,
,,,,-7.89514,3.57926,-0.123664,-9.32853,-0.123664,-9.32853,,,,
,,,,-7.96377,3.57736,-0.192312,-9.33115,-0.192312,-9.33115,,,,
,,,,-8.03178,3.56787,-0.260943,-9.33419,-0.260943,-9.33419,,,,
,,,,-8.09831,3.5509,-0.329599,-9.3366,-0.329599,-9.3366,,,,
,,,,-8.16255,3.52667,-0.398247,-9.33922,-0.398247,-9.33922,,,,
,,,,-8.22372,3.49547,-0.466878,-9.34226,-0.466878,-9.34226,,,,
,,,,-8.28105,3.45768,-0.535534,-9.34466,-0.535534,-9.34466,,,,
,,,,-8.33384,3.41378,-0.604182,-9.34728,-0.604182,-9.34728,,,,
,,,,-8.38145,3.3643,-0.672814,-9.35032,-0.672814,-9.35032,,,,
,,,,-8.42328,3.30985,-0.74147,-9.35273,-0.74147,-9.35273,,,,
,,,,-8.45882,3.2511,-0.810118,-9.35535,-0.810118,-9.35535,,,,
,,,,-8.48764,3.18878,-0.878749,-9.35839,-0.878749,-9.35839,,,,
,,,,-8.50937,3.12365,-0.947405,-9.36079,-0.947405,-9.36079,,,,
,,,,-8.52375,3.05651,-1.01605,-9.36341,-1.01605,-9.36341,,,,
,,,,-8.53061,2.98819,-1.08468,-9.36645,-1.08468,-9.36645,,,,
,,,,-8.52986,2.91953,-1.15334,-9.36886,-1.15334,-9.36886,,,,
,,,,-8.5215,2.85138,-1.22199,-9.37148,-1.22199,-9.37148,,,,
,,,,-8.5166,2.78388,-1.29062,-9.37452,-1.29062,-9.37452,,,,
,,,,-8.52735,2.71603,-1.35928,-9.37692,-1.35928,-9.37692,,,,
,,,,-8.53812,2.64818,-1.42792,-9.37954,-1.42792,-9.37954,,,,
,,,,-8.54888,2.58033,-1.49655,-9.38258,-1.49655,-9.38258,,,,
,,,,-8.55964,2.51248,-1.56521,-9.38499,-1.56521,-9.38499,,,,
,,,,-8.5704,2.44463,-1.63386,-9.38761,-1.63386,-9.38761,,,,
,,,,-8.58115,2.37677,-1.70249,-9.39065,-1.70249,-9.39065,,,,
,,,,-8.5919,2.30892,-1.77115,-9.39305,-1.77115,-9.39305,,,,
,,,,-8.60264,2.24107,-1.83979,-9.39567,-1.83979,-9.39567,,,,
,,,,-8.61338,2.17321,-1.90842,-9.39871,-1.90842,-9.39871,,,,
,,,,-8.62411,2.10536,-1.97708,-9.40112,-1.97708,-9.40112,,,,
,,,,-8.63484,2.0375,-2.04573,-9.40374,-2.04573,-9.40374,,,,
,,,,-8.64556,1.96965,-2.11436,-9.40677,-2.11436,-9.40677,,,,
,,,,-8.65628,1.90179,-2.18302,-9.40918,-2.18302,-9.40918,,,,
,,,,-8.66699,1.83393,-2.25166,-9.4118,-2.25166,-9.4118,,,,
,,,,-8.6777,1.76607,-2.3203,-9.41484,-2.3203,-9.41484,,,,
,,,,-8.68841,1.69821,-2.38895,-9.41724,-2.38895,-9.41724,,,,
,,,,-8.69911,1.63035,-2.4576,-9.41987,-2.4576,-9.41987,,,,
,,,,-8.7098,1.56249,-2.52623,-9.4229,-2.52623,-9.4229,,,,
,,,,-8.72049,1.49463,-2.59489,-9.42531,-2.59489,-9.42531,,,,
,,,,-8.73118,1.42677,-2.66353,-9.42793,-2.66353,-9.42793,,,,
,,,,-8.74186,1.35891,-2.73217,-9.43097,-2.73217,-9.43097,,,,
,,,,-8.75254,1.29104,-2.80082,-9.43337,-2.80082,-9.43337,,,,
,,,,-8.76321,1.22318,-2.86947,-9.436,-2.86947,-9.436,,,,
,,,,-8.77388,1.15531,-2.9381,-9.43903,-2.9381,-9.43903,,,,
,,,,-8.78454,1.08745,-3.00676,-9.44144,-3.00676,-9.44144,,,,
,,,,-8.7952,1.01958,-3.0754,-9.44406,-3.0754,-9.44406,,,,
,,,,-8.80585,0.951713,-3.14404,-9.4471,-3.14404,-9.4471,,,,
,,,,-8.8165,0.883845,-3.21269,-9.4495,-3.21269,-9.4495,,,,
,,,,-8.82714,0.815976,-3.28134,-9.45213,-3.28134,-9.45213,,,,
,,,,-8.83778,0.748107,-3.34997,-9.45516,-3.34997,-9.45516,,,,
,,,,-8.84842,0.680236,-3.41863,-9.45757,-3.41863,-9.45757,,,,
,,,,-8.85905,0.612365,-3.48728,-9.46019,-3.48728,-9.46019,,,,
,,,,-8.86967,0.544493,-3.55591,-9.46323,-3.55591,-9.46323,,,,
,,,,-8.88029,0.476621,-3.62456,-9.46563,-3.62456,-9.46563,,,,
,,,,-8.89091,0.408748,-3.69324,-9.46733,-3.69324,-9.46733,,,,
,,,,-8.90152,0.340874,-3.76193,-9.46832,-3.76193,-9.46832,,,,
,,,,-8.91213,0.272999,-3.83063,-9.4686,-3.83063,-9.4686,,,,
,,,,-8.92273,0.205124,-3.89932,-9.46818,-3.89932,-9.46818,,,,
,,,,-8.93333,0.137248,-3.96801,-9.46704,-3.96801,-9.46704,,,,
,,,,-8.94392,0.0693707,-4.03669,-9.4652,-4.03669,-9.4652,,,,
,,,,-8.95451,0.00149311,-4.10534,-9.46265,-4.10534,-9.46265,,,,
,,,,-8.96509,-0.0663852,-4.17396,-9.4594,-4.17396,-9.4594,,,,
,,,,-8.97567,-0.134264,-4.24254,-9.45543,-4.24254,-9.45543,,,,
,,,,-8.98624,-0.202144,-4.31114,-9.45169,-4.31114,-9.45169,,,,
,,,,-8.99681,-0.270025,-4.37977,-9.44864,-4.37977,-9.44864,,,,
,,,,-9.00738,-0.337906,-4.44843,-9.44631,-4.44843,-9.44631,,,,
,,,,-9.01794,-0.405788,-4.51711,-9.44468,-4.51711,-9.44468,,,,
,,,,-9.02849,-0.47367,-4.5858,-9.44375,-4.5858,-9.44375,,,,
,,,,-9.03905,-0.541554,-4.6545,-9.44354,-4.6545,-9.44354,,,,
,,,,-9.04959,-0.609438,-4.72319,-9.44404,-4.72319,-9.44404,,,,
,,,,-9.06013,-0.677323,-4.79188,-9.44524,-4.79188,-9.44524,,,,
,,,,-9.07067,-0.745208,-4.86055,-9.44715,-4.86055,-9.44715,,,,
,,,,-9.0812,-0.813095,-4.9292,-9.44977,-4.9292,-9.44977,,,,
,,,,-9.09173,-0.880982,-4.99783,-9.4528,-4.99783,-9.4528,,,,
,,,,-9.10225,-0.948869,-5.06649,-9.45521,-5.06649,-9.45521,,,,
,,,,-9.11277,-1.01676,-5.13514,-9.45783,-5.13514,-9.45783,,,,
,,,,-9.12328,-1.08465,-5.20377,-9.46087,-5.20377,-9.46087,,,,
,,,,-9.13379,-1.15254,-5.27242,-9.46327,-5.27242,-9.46327,,,,
,,,,-9.1443,-1.22043,-5.34109,-9.46526,-5.34109,-9.46526,,,,
,,,,-9.1548,-1.28832,-5.40974,-9.46788,-5.40974,-9.46788,,,,
,,,,-9.16529,-1.35621,-5.4784,-9.47028,-5.4784,-9.47028,,,,
,,,,-9.17578,-1.4241,-5.54707,-9.47198,-5.54707,-9.47198,,,,
,,,,-9.18627,-1.492,-5.61576,-9.47297,-5.61576,-9.47297,,,,
,,,,-9.19675,-1.55989,-5.68446,-9.47325,-5.68446,-9.47325,,,,
,,,,-9.20722,-1.62779,-5.75316,-9.47282,-5.75316,-9.47282,,,,
,,,,-9.2177,-1.69568,-5.82185,-9.47169,-5.82185,-9.47169,,,,
,,,,-9.22816,-1.76358,-5.89052,-9.46985,-5.89052,-9.46985,,,,
,,,,-9.23862,-1.83148,-5.95917,-9.4673,-5.95917,-9.4673,,,,
,,,,-9.24908,-1.89937,-6.02779,-9.46404,-6.02779,-9.46404,,,,
,,,,-9.25953,-1.96727,-6.09638,-9.46008,-6.09638,-9.46008,,,,
,,,,-9.26998,-2.03517,-6.16492,-9.45541,-6.16492,-9.45541,,,,
,,,,-9.28043,-2.10307,-6.23347,-9.45095,-6.23347,-9.45095,,,,
,,,,-9.29699,-2.16967,-6.30205,-9.44692,-6.30205,-9.44692,,,,
,,,,-9.32232,-2.23343,-6.37059,-9.44225,-6.37059,-9.44225,,,,
,,,,-9.35799,-2.29202,-6.43908,-9.43687,-6.43908,-9.43687,,,,
,,,,-9.40199,-2.25878,-6.5075,-9.43079,-6.5075,-9.43079,,,,
,,,,-9.40662,-2.1987,-6.57587,-9.424,-6.57587,-9.424,,,,
,,,,-9.40245,-2.13017,-6.64415,-9.41651,-6.64415,-9.41651,,,,
,,,,-9.39652,-2.06172,-6.7124,-9.4086,-6.7124,-9.4086,,,,
,,,,-9.38988,-1.99335,-6.78071,-9.40133,-6.78071,-9.40133,,,,
,,,,-9.38255,-1.92504,-6.84909,-9.39475,-6.84909,-9.39475,,,,
,,,,-9.3745,-1.85682,-6.91754,-9.38888,-6.91754,-9.38888,,,,
,,,,-9.36576,-1.78868,-6.98604,-9.38372,-6.98604,-9.38372,,,,
,,,,-9.35631,-1.72063,-7.05459,-9.37926,-7.05459,-9.37926,,,,
,,,,-9.34616,-1.65269,-7.12319,-9.37551,-7.12319,-9.37551,,,,
,,,,-9.33532,-1.58485,-7.19181,-9.37218,-7.19181,-9.37218,,,,
,,,,-9.32377,-1.51713,-7.26039,-9.36821,-7.26039,-9.36821,,,,
,,,,-9.31153,-1.44953,-7.32893,-9.36354,-7.32893,-9.36354,,,,
,,,,-9.29859,-1.38206,-7.39744,-9.35845,-7.39744,-9.35845,,,,
,,,,-9.28496,-1.31473,-7.46599,-9.354,-7.46599,-9.354,,,,
,,,,-9.27063,-1.24754,-7.53459,-9.35025,-7.53459,-9.35025,,,,
,,,,-9.25561,-1.18051,-7.60322,-9.3472,-7.60322,-9.3472,,,,
,,,,-9.23991,-1.11363,-7.67188,-9.34486,-7.67188,-9.34486,,,,
,,,,-9.22351,-1.04691,-7.74056,-9.34324,-7.74056,-9.34324,,,,
,,,,-9.20732,-0.980151,-7.80925,-9.34231,-7.80925,-9.34231,,,,
,,,,-9.19182,-0.913224,-7.87795,-9.3421,-7.87795,-9.3421,,,,
,,,,-9.17701,-0.846142,-7.94664,-9.34259,-7.94664,-9.34259,,,,
,,,,-9.1629,-0.77891,-8.01533,-9.3438,-8.01533,-9.3438,,,,
,,,,-9.14947,-0.711536,-8.084,-9.34571,-8.084,-9.34571,,,,
,,,,-9.13674,-0.644028,-8.15265,-9.34832,-8.15265,-9.34832,,,,
,,,,-9.12471,-0.576392,-8.22128,-9.35136,-8.22128,-9.35136,,,,
,,,,-9.11337,-0.508635,-8.28994,-9.35377,-8.28994,-9.35377,,,,
,,,,-9.10273,-0.440766,-8.35859,-9.35639,-8.35859,-9.35639,,,,
,,,,-9.0928,-0.37279,-8.42722,-9.35943,-8.42722,-9.35943,,,,
,,,,-9.08356,-0.304716,-8.49587,-9.36183,-8.49587,-9.36183,,,,
,,,,-9.07503,-0.23655,-8.56452,-9.36445,-8.56452,-9.36445,,,,
,,,,-9.0672,-0.168299,-8.63315,-9.36749,-8.63315,-9.36749,,,,
,,,,-9.06007,-0.099972,-8.70181,-9.3699,-8.70181,-9.3699,,,,
,,,,-9.05364,-0.0315748,-8.77046,-9.37252,-8.77046,-9.37252,,,,
,,,,-9.04793,0.036885,-8.83909,-9.37556,-8.83909,-9.37556,,,,
,,,,-9.04291,0.1054,-8.90774,-9.37796,-8.90774,-9.37796,,,,
,,,,-9.03861,0.173963,-8.97639,-9.38058,-8.97639,-9.38058,,,,
,,,,-9.03501,0.242567,-9.04502,-9.38362,-9.04502,-9.38362,,,,
,,,,-9.03212,0.311204,-9.11368,-9.38603,-9.11368,-9.38603,,,,
,,,,-9.02993,0.379867,-9.18236,-9.38773,-9.18236,-9.38773,,,,
,,,,-9.02846,0.44855,-9.25105,-9.38872,-9.25105,-9.38872,,,,
,,,,-9.02769,0.517244,-9.31974,-9.389,-9.31974,-9.389,,,,
,,,,-9.02763,0.585942,-9.33463,-9.32904,-9.33463,-9.32904,,,,
,,,,-9.02827,0.654637,-9.34111,-9.26065,-9.34111,-9.26065,,,,
,,,,-9.02963,0.723322,-9.34689,-9.1922,-9.34689,-9.1922,,,,
,,,,-9.03169,0.791989,-9.35196,-9.12369,-9.35196,-9.12369,,,,
,,,,-9.03446,0.860631,-9.35632,-9.05513,-9.35632,-9.05513,,,,
,,,,-9.03765,0.929255,-9.35355,-8.98701,-9.35355,-8.98701,,,,
,,,,-9.04021,0.997906,-9.33922,-8.91982,-9.33922,-8.91982,,,,
,,,,-9.04234,1.06657,-9.32549,-8.85251,-9.32549,-8.85251,,,,
,,,,-9.04511,1.13521,-9.31245,-8.78506,-9.31245,-8.78506,,,,
,,,,-9.0483,1.20384,-9.3001,-8.71748,-9.3001,-8.71748,,,,
,,,,-9.05086,1.27249,-9.28831,-8.6498,-9.28831,-8.6498,,,,
,,,,-9.053,1.34115,-9.27656,-8.58212,-9.27656,-8.58212,,,,
,,,,-9.05577,1.40979,-9.26481,-8.51443,-9.26481,-8.51443,,,,
,,,,-9.05896,1.47842,-9.25305,-8.44675,-9.25305,-8.44675,,,,
,,,,-9.06151,1.54707,-9.2413,-8.37906,-9.2413,-8.37906,,,,
,,,,-9.06365,1.61573,-9.19436,-8.33121,-9.19436,-8.33121,,,,
,,,,-9.06642,1.68438,-9.14235,-8.28633,-9.14235,-8.28633,,,,
,,,,-9.06961,1.753,-9.09034,-8.24145,-9.09034,-8.24145,,,,
,,,,-9.07217,1.82165,-9.03832,-8.19657,-9.03832,-8.19657,,,,
,,,,-9.0743,1.89032,-8.98631,-8.1517,-8.98631,-8.1517,,,,
,,,,-9.07707,1.95896,-8.9343,-8.10682,-8.9343,-8.10682,,,,
,,,,-9.08027,2.02758,-8.88228,-8.06194,-8.88228,-8.06194,,,,
,,,,-9.08282,2.09623,-8.83027,-8.01706,-8.83027,-8.01706,,,,
,,,,-9.08496,2.1649,-8.77825,-7.97218,-8.77825,-7.97218,,,,
,,,,-9.08773,2.23354,-8.72624,-7.92731,-8.72624,-7.92731,,,,
,,,,-9.09092,2.30217,-8.67423,-7.88243,-8.67423,-7.88243,,,,
,,,,-9.09348,2.37082,-8.62221,-7.83755,-8.62221,-7.83755,,,,
,,,,-9.09561,2.43948,-8.5702,-7.79267,-8.5702,-7.79267,,,,
,,,,-9.09838,2.50812,-8.51819,-7.74779,-8.51819,-7.74779,,,,
,,,,-9.10157,2.57675,-8.46617,-7.70292,-8.46617,-7.70292,,,,
,,,,-9.10413,2.6454,-8.42307,-7.74526,-8.42307,-7.74526,,,,
,,,,-9.10627,2.71406,-8.37861,-7.79761,-8.37861,-7.79761,,,,
,,,,-9.10904,2.7827,-8.33006,-7.84619,-8.33006,-7.84619,,,,
,,,,-9.11223,2.85133,-8.27773,-7.89067,-8.27773,-7.89067,,,,
,,,,-9.11478,2.91998,-8.22196,-7.93075,-8.22196,-7.93075,,,,
,,,,-9.11663,2.98865,-8.16313,-7.96618,-8.16313,-7.96618,,,,
,,,,-9.11778,3.05734,-8.10161,-7.99672,-8.10161,-7.99672,,,,
,,,,-9.11821,3.12604,-8.03782,-8.02216,-8.03782,-8.02216,,,,
,,,,-9.11794,3.19474,-7.97254,-8.04357,-7.97254,-8.04357,,,,
,,,,-9.11696,3.26343,-7.90738,-8.06533,-7.90738,-8.06533,,,,
,,,,-9.11527,3.3321,-7.84245,-8.08777,-7.84245,-8.08777,,,,
,,,,-9.11287,3.40076,-7.77776,-8.11087,-7.77776,-8.11087,,,,
,,,,-9.11069,3.46942,-7.7133,-8.13464,-7.7133,-8.13464,,,,
,,,,-9.10921,3.53811,-7.64909,-8.15907,-7.64909,-8.15907,,,,
,,,,-9.10844,3.6068,-7.58497,-8.18373,-7.58497,-8.18373,,,,
,,,,-9.10838,3.6755,-7.52085,-8.20839,-7.52085,-8.20839,,,,
,,,,-9.10903,3.74419,-7.45674,-8.23306,-7.45674,-8.23306,,,,
,,,,-9.11038,3.81288,-7.39262,-8.25772,-7.39262,-8.25772,,,,
,,,,-9.11244,3.88155,-7.3285,-8.28238,-7.3285,-8.28238,,,,
,,,,-9.11521,3.95019,-7.26438,-8.30704,-7.26438,-8.30704,,,,
,,,,-9.1184,4.01881,-7.20026,-8.33171,-7.20026,-8.33171,,,,
,,,,-9.12096,4.08746,-7.13614,-8.35637,-7.13614,-8.35637,,,,
,,,,-9.12281,4.15614,-7.07202,-8.38103,-7.07202,-8.38103,,,,
,,,,-9.12424,4.22482,-7.0079,-8.40569,-7.0079,-8.40569,,,,
,,,,-9.1263,4.29349,-6.94172,-8.42388,-6.94172,-8.42388,,,,
,,,,-9.12907,4.36213,-6.87356,-8.43187,-6.87356,-8.43187,,,,
,,,,-9.13226,4.43075,-6.80497,-8.42946,-6.80497,-8.42946,,,,
,,,,-9.13482,4.4994,-6.73709,-8.41893,-6.73709,-8.41893,,,,
,,,,-9.13759,4.56805,-6.66919,-8.40851,-6.66919,-8.40851,,,,
,,,,-9.14015,4.6367,-6.60118,-8.39879,-6.60118,-8.39879,,,,
,,,,-9.14228,4.70536,-6.53308,-8.38977,-6.53308,-8.38977,,,,
,,,,-9.14505,4.774,-6.46494,-8.381,-6.46494,-8.381,,,,
,,,,-9.14761,4.84265,-6.39681,-8.37223,-6.39681,-8.37223,,,,
,,,,-9.14974,4.91132,-6.32867,-8.36345,-6.32867,-8.36345,,,,
,,,,-9.15251,4.97996,-6.26054,-8.35468,-6.26054,-8.35468,,,,
,,,,-9.15507,5.04861,-6.1924,-8.34591,-6.1924,-8.34591,,,,
,,,,-9.1572,5.11728,-6.12426,-8.33714,-6.12426,-8.33714,,,,
,,,,-9.15997,5.18592,-6.05613,-8.32837,-6.05613,-8.32837,,,,
,,,,-9.16253,5.25457,-5.98799,-8.3196,-5.98799,-8.3196,,,,
,,,,-9.16438,5.32324,-5.91985,-8.31082,-5.91985,-8.31082,,,,
,,,,-9.16552,5.39193,-5.85172,-8.30205,-5.85172,-8.30205,,,,
,,,,-9.16595,5.46063,-5.78428,-8.28908,-5.78428,-8.28908,,,,
,,,,-9.10568,5.47049,-5.71837,-8.26979,-5.71837,-8.26979,,,,
,,,,-9.03701,5.47215,-5.65459,-8.24434,-5.65459,-8.24434,,,,
,,,,-8.96835,5.47452,-5.59351,-8.21296,-5.59351,-8.21296,,,,
,,,,-8.89972,5.4776,-5.53568,-8.17592,-5.53568,-8.17592,,,,
,,,,-8.83108,5.48046,-5.48163,-8.13357,-5.48163,-8.13357,,,,
,,,,-8.76243,5.4829,-5.43183,-8.08628,-5.43183,-8.08628,,,,
,,,,-8.6938,5.48598,-5.38674,-8.03449,-5.38674,-8.03449,,,,
,,,,-8.62516,5.48884,-5.34676,-7.97865,-5.34676,-7.97865,,,,
,,,,-8.5565,5.49128,-5.31226,-7.91927,-5.31226,-7.91927,,,,
,,,,-8.48788,5.49436,-5.28355,-7.85689,-5.28355,-7.85689,,,,
,,,,-8.41924,5.49722,-5.26088,-7.79207,-5.26088,-7.79207,,,,
,,,,-8.35058,5.49966,-5.24446,-7.72539,-5.24446,-7.72539,,,,
,,,,-8.28195,5.50274,-5.23443,-7.65745,-5.23443,-7.65745,,,,
,,,,-8.21331,5.5056,-5.23089,-7.58887,-5.23089,-7.58887,,,,
,,,,-8.14465,5.50776,-5.23388,-7.52026,-5.23388,-7.52026,,,,
,,,,-8.07599,5.51013,-5.23929,-7.45178,-5.23929,-7.45178,,,,
,,,,-8.00736,5.51321,-5.2441,-7.38325,-5.2441,-7.38325,,,,
,,,,-7.93872,5.51607,-5.24819,-7.31467,-5.24819,-7.31467,,,,
,,,,-7.87006,5.51822,-5.25158,-7.24606,-5.25158,-7.24606,,,,
,,,,-7.8014,5.5206,-5.25426,-7.17741,-5.25426,-7.17741,,,,
,,,,-7.73277,5.52367,-5.25652,-7.10875,-5.25652,-7.10875,,,,
,,,,-7.66414,5.52654,-5.25942,-7.04012,-5.25942,-7.04012,,,,
,,,,-7.59547,5.52869,-5.2621,-6.97147,-5.2621,-6.97147,,,,
,,,,-7.52681,5.53106,-5.26436,-6.90281,-5.26436,-6.90281,,,,
,,,,-7.45819,5.53414,-5.26725,-6.83417,-5.26725,-6.83417,,,,
,,,,-7.38955,5.537,-5.26993,-6.76553,-5.26993,-6.76553,,,,
,,,,-7.32088,5.53916,-5.27219,-6.69686,-5.27219,-6.69686,,,,
,,,,-7.25223,5.54153,-5.27508,-6.62823,-5.27508,-6.62823,,,,
,,,,-7.1836,5.54461,-5.27776,-6.55958,-5.27776,-6.55958,,,,
,,,,-7.11496,5.54747,-5.27988,-6.49092,-5.27988,-6.49092,,,,
,,,,-7.04629,5.54963,-5.28196,-6.42225,-5.28196,-6.42225,,,,
,,,,-6.97764,5.552,-5.28404,-6.35358,-5.28404,-6.35358,,,,
,,,,-6.90901,5.55508,-5.28612,-6.28492,-5.28612,-6.28492,,,,
,,,,-6.84037,5.55794,-5.2882,-6.21625,-5.2882,-6.21625,,,,
,,,,-6.7717,5.56009,-5.29028,-6.14758,-5.29028,-6.14758,,,,
,,,,-6.70302,5.56154,-5.29236,-6.07891,-5.29236,-6.07891,,,,
,,,,-6.63433,5.56228,-5.29444,-6.01025,-5.29444,-6.01025,,,,
,,,,-6.56563,5.56232,,,,,,,,
,,,,-6.52015,5.53618,,,,,,,,
,,,,-6.51389,5.46777,,,,,,,,
,,,,-6.50836,5.3993,,,,,,,,
,,,,-6.50354,5.33077,,,,,,,,
,,,,-6.49943,5.26219,,,,,,,,
,,,,-6.49602,5.19358,,,,,,,,
,,,,-6.49332,5.12493,,,,,,,,
,,,,-6.49104,5.05627,,,,,,,,
,,,,-6.48813,4.98764,,,,,,,,
,,,,-6.48543,4.91899,,,,,,,,
,,,,-6.48316,4.85033,,,,,,,,
,,,,-6.48024,4.78169,,,,,,,,
,,,,-6.47755,4.71305,,,,,,,,
,,,,-6.47527,4.64439,,,,,,,,
,,,,-6.47236,4.57575,,,,,,,,
,,,,-6.46966,4.50711,,,,,,,,
,,,,-6.46738,4.43845,,,,,,,,
,,,,-6.46447,4.36981,,,,,,,,
,,,,-6.46177,4.30117,,,,,,,,
,,,,-6.45949,4.23251,,,,,,,,
,,,,-6.45658,4.16387,,,,,,,,
,,,,-6.45389,4.09522,,,,,,,,
,,,,-6.45161,4.02656,,,,,,,,
,,,,-6.44869,3.95793,,,,,,,,
,,,,-6.446,3.88928,,,,,,,,
,,,,-6.44372,3.82062,,,,,,,,
,,,,-6.44081,3.75198,,,,,,,,
,,,,-6.43811,3.68334,,,,,,,,
,,,,-6.43583,3.61468,,,,,,,,
,,,,-6.43292,3.54604,,,,,,,,
,,,,-6.43022,3.4774,,,,,,,,
,,,,-6.42795,3.40874,,,,,,,,
,,,,-6.42503,3.3401,,,,,,,,
,,,,-6.42234,3.27146,,,,,,,,
,,,,-6.42006,3.20279,,,,,,,,
,,,,-6.41715,3.13416,,,,,,,,
,,,,-6.41445,3.06551,,,,,,,,
,,,,-6.41246,2.99684,,,,,,,,
,,,,-6.41117,2.92816,,,,,,,,
,,,,-6.47132,2.91756,,,,,,,,
,,,,-6.53999,2.91568,,,,,,,,
,,,,-6.60864,2.91317,,,,,,,,
,,,,-6.67728,2.91023,,,,,,,,
,,,,-6.74594,2.90793,,,,,,,,
,,,,-6.81459,2.90542,,,,,,,,
,,,,-6.88322,2.90249,,,,,,,,
,,,,-6.95188,2.90019,,,,,,,,
,,,,-7.02056,2.89859,,,,,,,,
,,,,-7.08926,2.89771,,,,,,,,
,,,,-7.15795,2.89753,,,,,,,,
,,,,-7.22665,2.89807,,,,,,,,
,,,,-7.29534,2.89931,,,,,,,,
,,,,-7.30022,2.95969,,,,,,,,
,,,,-7.30287,3.0283,,,,,,,,
,,,,-7.31304,3.0962,,,,,,,,
,,,,-7.33058,3.16259,,,,,,,,
,,,,-7.3553,3.22665,,,,,,,,
,,,,-7.38689,3.28761,,,,,,,,
,,,,-7.42498,3.34475,,,,,,,,
,,,,-7.46909,3.39736,,,,,,,,
,,,,-7.51871,3.44482,,,,,,,,
,,,,-7.57324,3.48656,,,,,,,,
,,,,-7.632,3.52207,,,,,,,,
,,,,-7.69431,3.55092,,,,,,,,
,,,,-7.75941,3.57276,,,,,,,,
,,,,-7.8265,3.58734,,,,,,,,
,,,,-7.8948,3.59448,,,,,,,,
,,,,-7.96346,3.59409,,,,,,,,
,,,,-8.03166,3.58617,,,,,,,,
,,,,-8.09859,3.57082,,,,,,,,
,,,,-8.16343,3.54823,,,,,,,,
,,,,-8.2254,3.51867,,,,,,,,
,,,,-8.28376,3.48249,,,,,,,,
,,,,-8.33781,3.44014,,,,,,,,
,,,,-8.38688,3.39211,,,,,,,,
,,,,-8.43039,3.339,,,,,,,,
,,,,-8.46782,3.28143,,,,,,,,
,,,,-8.49871,3.22011,,,,,,,,
,,,,-8.52269,3.15577,,,,,,,,
,,,,-8.53948,3.08919,,,,,,,,
,,,,-8.54887,3.02117,,,,,,,,
,,,,-8.55074,2.95253,,,,,,,,
,,,,-8.54508,2.88411,,,,,,,,
,,,,-8.53195,2.81671,,,,,,,,
,,,,-8.53846,2.74881,,,,,,,,
,,,,-8.54828,2.68082,,,,,,,,
,,,,-8.5581,2.61282,,,,,,,,
,,,,-8.56792,2.54483,,,,,,,,
,,,,-8.57773,2.47684,,,,,,,,
,,,,-8.58754,2.40884,,,,,,,,
,,,,-8.59734,2.34085,,,,,,,,
,,,,-8.60714,2.27285,,,,,,,,
,,,,-8.61693,2.20485,,,,,,,,
,,,,-8.62672,2.13686,,,,,,,,
,,,,-8.63651,2.06886,,,,,,,,
,,,,-8.64629,2.00086,,,,,,,,
,,,,-8.65606,1.93286,,,,,,,,
,,,,-8.66583,1.86486,,,,,,,,
,,,,-8.6756,1.79686,,,,,,,,
,,,,-8.68536,1.72886,,,,,,,,
,,,,-8.69511,1.66085,,,,,,,,
,,,,-8.70487,1.59285,,,,,,,,
,,,,-8.71461,1.52485,,,,,,,,
,,,,-8.72435,1.45684,,,,,,,,
,,,,-8.73409,1.38884,,,,,,,,
,,,,-8.74382,1.32083,,,,,,,,
,,,,-8.75355,1.25283,,,,,,,,
,,,,-8.76328,1.18482,,,,,,,,
,,,,-8.77299,1.11681,,,,,,,,
