-9,-9,-9,-9,-9,-9,-9,-9,-9,-9,-9,-9,-9,-9,-9,-9,-9,-9
-8.95451,-8.9604,-8.95451,-8.9604,-8.95451,-8.9604,-8.95451,-8.9604,-8.95451,-8.9604,-8.95451,-8.9604,-8.95451,-8.9604,-8.95451,-8.9604,-8.95451,-8.9604
-8.9025,-8.91551,-8.9025,-8.91551,-8.9025,-8.91551,-8.9025,-8.91551,-8.9025,-8.91551,-8.9025,-8.91551,-8.9025,-8.91551,-8.9025,-8.91551,-8.9025,-8.91551
-8.85049,-8.87062,-8.85049,-8.87062,-8.85049,-8.87062,-8.85049,-8.87062,-8.85049,-8.87062,-8.85049,-8.87062,-8.85049,-8.87062,-8.85049,-8.87062,-8.85049,-8.87062
-8.79849,-8.82574,-8.79849,-8.82574,-8.79849,-8.82574,-8.79849,-8.82574,-8.79849,-8.82574,-8.79849,-8.82574,-8.79849,-8.82574,-8.79849,-8.82574,-8.79849,-8.82574
-8.74648,-8.78085,-8.74648,-8.78085,-8.74648,-8.78085,-8.74648,-8.78085,-8.74648,-8.78085,-8.74648,-8.78085,-8.74648,-8.78085,-8.74648,-8.78085,-8.74648,-8.78085
-8.69448,-8.73596,-8.69448,-8.73596,-8.69448,-8.73596,-8.69448,-8.73596,-8.69448,-8.73596,-8.69448,-8.73596,-8.69448,-8.73596,-8.69448,-8.73596,-8.69448,-8.73596
-8.64247,-8.69107,-8.64247,-8.69107,-8.64247,-8.69107,-8.64247,-8.69107,-8.64247,-8.69107,-8.64247,-8.69107,-8.64247,-8.69107,-8.64247,-8.69107,-8.64247,-8.69107
-8.59047,-8.64619,-8.59047,-8.64619,-8.59047,-8.64619,-8.59047,-8.64619,-8.59047,-8.64619,-8.59047,-8.64619,-8.59047,-8.64619,-8.59047,-8.64619,-8.59047,-8.64619
-8.53846,-8.6013,-8.53846,-8.6013,-8.53846,-8.6013,-8.53846,-8.6013,-8.53846,-8.6013,-8.53846,-8.6013,-8.53846,-8.6013,-8.53846,-8.6013,-8.53846,-8.6013
-8.48645,-8.55641,-8.48645,-8.55641,-8.48645,-8.55641,-8.48645,-8.55641,-8.48645,-8.55641,-8.48645,-8.55641,-8.48645,-8.55641,-8.48645,-8.55641,-8.48645,-8.55641
-8.43445,-8.51152,-8.43445,-8.51152,-8.43445,-8.51152,-8.43445,-8.51152,-8.43445,-8.51152,-8.43445,-8.51152,-8.43445,-8.51152,-8.43445,-8.51152,-8.43445,-8.51152
-8.38244,-8.46664,-8.38244,-8.46664,-8.38244,-8.46664,-8.38244,-8.46664,-8.38244,-8.46664,-8.38244,-8.46664,-8.38244,-8.46664,-8.38244,-8.46664,-8.38244,-8.46664
-8.32536,-8.44663,-8.32536,-8.44663,-8.32536,-8.44663,-8.32536,-8.44663,-8.32536,-8.44663,-8.33044,-8.42175,-8.32536,-8.44663,-8.32536,-8.44663,-8.32536,-8.44663
-8.26011,-8.46811,-8.26011,-8.46811,-8.26011,-8.46811,-8.26011,-8.46811,-8.26011,-8.46811,-8.26854,-8.43977,-8.26011,-8.46811,-8.26011,-8.46811,-8.26011,-8.46811
-8.19487,-8.48962,-8.19487,-8.48962,-8.19487,-8.48962,-8.19487,-8.48962,-8.19487,-8.48962,-8.20538,-8.46679,-8.19487,-8.48962,-8.19487,-8.48962,-8.19487,-8.48962
-8.12962,-8.51112,-8.12962,-8.51112,-8.12962,-8.51112,-8.12962,-8.51112,-8.12962,-8.51112,-8.14222,-8.49381,-8.12962,-8.51112,-8.12962,-8.51112,-8.12962,-8.51112
-8.06437,-8.53263,-8.06437,-8.53263,-8.06437,-8.53263,-8.06437,-8.53263,-8.06437,-8.53263,-8.07906,-8.52084,-8.06437,-8.53263,-8.06437,-8.53263,-8.06437,-8.53263
-7.99913,-8.55414,-7.99913,-8.55414,-7.99913,-8.55414,-7.99913,-8.55414,-7.99913,-8.55414,-8.0159,-8.54786,-7.99913,-8.55414,-7.99913,-8.55414,-7.99913,-8.55414
-7.93388,-8.57564,-7.93388,-8.57564,-7.93388,-8.57564,-7.93388,-8.57564,-7.93388,-8.57564,-7.95274,-8.57488,-7.93388,-8.57564,-7.93388,-8.57564,-7.93388,-8.57564
-7.86864,-8.59715,-7.86864,-8.59715,-7.86864,-8.59715,-7.86864,-8.59715,-7.86864,-8.59715,-7.88958,-8.60191,-7.86864,-8.59715,-7.86864,-8.59715,-7.86864,-8.59715
-7.80339,-8.61866,-7.80339,-8.61866,-7.80339,-8.61866,-7.80339,-8.61866,-7.80339,-8.61866,-7.82642,-8.62893,-7.80339,-8.61866,-7.80339,-8.61866,-7.80339,-8.61866
-7.73815,-8.64016,-7.73815,-8.64016,-7.73815,-8.64016,-7.73815,-8.64016,-7.73815,-8.64016,-7.76326,-8.65595,-7.73815,-8.64016,-7.73815,-8.64016,-7.73815,-8.64016
-7.6729,-8.66167,-7.6729,-8.66167,-7.6729,-8.66167,-7.6729,-8.66167,-7.6729,-8.66167,-7.7001,-8.68297,-7.6729,-8.66167,-7.6729,-8.66167,-7.6729,-8.66167
-7.60668,-8.6799,-7.60668,-8.6799,-7.60668,-8.6799,-7.60668,-8.6799,-7.60668,-8.6799,-7.63654,-8.70901,-7.60668,-8.6799,-7.60668,-8.6799,-7.60668,-8.6799
-7.53927,-8.69304,-7.53927,-8.69304,-7.53927,-8.69304,-7.53927,-8.69304,-7.53927,-8.69304,-7.57127,-8.73039,-7.53927,-8.69304,-7.53927,-8.69304,-7.53927,-8.69304
-7.47105,-8.70099,-7.47105,-8.70099,-7.47105,-8.70099,-7.47105,-8.70099,-7.47105,-8.70099,-7.50456,-8.74673,-7.47105,-8.70099,-7.47105,-8.70099,-7.47105,-8.70099
-7.40242,-8.70373,-7.40242,-8.70373,-7.40242,-8.70373,-7.40242,-8.70373,-7.40242,-8.70373,-7.4368,-8.75793,-7.40242,-8.70373,-7.40242,-8.70373,-7.40242,-8.70373
-7.33379,-8.70122,-7.33379,-8.70122,-7.33379,-8.70122,-7.33379,-8.70122,-7.33379,-8.70122,-7.36838,-8.76393,-7.33379,-8.70122,-7.33379,-8.70122,-7.33379,-8.70122
-7.26554,-8.69348,-7.26523,-8.69689,-7.26554,-8.69348,-7.26554,-8.69348,-7.26554,-8.69348,-7.2997,-8.7647,-7.26554,-8.69348,-7.26554,-8.69348,-7.26554,-8.69348
-7.19809,-8.68057,-7.19667,-8.69255,-7.19809,-8.68057,-7.19809,-8.68057,-7.19809,-8.68057,-7.23116,-8.76023,-7.19809,-8.68057,-7.19809,-8.68057,-7.19809,-8.68057
-7.13181,-8.66254,-7.1281,-8.6882,-7.13098,-8.66586,-7.13181,-8.66254,-7.13181,-8.66254,-7.16317,-8.75054,-7.13181,-8.66254,-7.13181,-8.66254,-7.13181,-8.66254
-7.06711,-8.63952,-7.05954,-8.68386,-7.06388,-8.65114,-7.06711,-8.63952,-7.06711,-8.63952,-7.09611,-8.7357,-7.06711,-8.63952,-7.06711,-8.63952,-7.06711,-8.63952
-7.00434,-8.61163,-6.99098,-8.67952,-6.99678,-8.63643,-7.00391,-8.61259,-7.00434,-8.61163,-7.03038,-8.71579,-7.00434,-8.61163,-7.00434,-8.61163,-7.00434,-8.61163
-6.94389,-8.57903,-6.92242,-8.67518,-6.92967,-8.62171,-6.94081,-8.58542,-6.94389,-8.57903,-6.96636,-8.69092,-6.94389,-8.57903,-6.94389,-8.57903,-6.94389,-8.57903
-6.8861,-8.54192,-6.85386,-8.67084,-6.86257,-8.60699,-6.87772,-8.55824,-6.8861,-8.54192,-6.90442,-8.66125,-6.8861,-8.54192,-6.8861,-8.54192,-6.8861,-8.54192
-6.83131,-8.50051,-6.7853,-8.66649,-6.79547,-8.59227,-6.81463,-8.53106,-6.83131,-8.50051,-6.84492,-8.62693,-6.83131,-8.50051,-6.83131,-8.50051,-6.83131,-8.50051
-6.76481,-8.48851,-6.71674,-8.66215,-6.72836,-8.57755,-6.75153,-8.50388,-6.76481,-8.48851,-6.78822,-8.58818,-6.76481,-8.48851,-6.76481,-8.48851,-6.76481,-8.48851
-6.69644,-8.48172,-6.64818,-8.65781,-6.66126,-8.56284,-6.69157,-8.47057,-6.69644,-8.48172,-6.73463,-8.54522,-6.69644,-8.48172,-6.69644,-8.48172,-6.69644,-8.48172
-6.62806,-8.47516,-6.57962,-8.65347,-6.59416,-8.54812,-6.63814,-8.42756,-6.62806,-8.47516,-6.68448,-8.49829,-6.62806,-8.47516,-6.62806,-8.47516,-6.62806,-8.47516
-6.55967,-8.46861,-6.51106,-8.64913,-6.52705,-8.5334,-6.58929,-8.37933,-6.55967,-8.46861,-6.61825,-8.48951,-6.55967,-8.46861,-6.55967,-8.46861,-6.55967,-8.46861
-6.49129,-8.46206,-6.44249,-8.64478,-6.45995,-8.51868,-6.54697,-8.32525,-6.49129,-8.46206,-6.54961,-8.48648,-6.49129,-8.46206,-6.49129,-8.46206,-6.49129,-8.46206
-6.4229,-8.45551,-6.37393,-8.64044,-6.39285,-8.50397,-6.5095,-8.2677,-6.4229,-8.45551,-6.48098,-8.48345,-6.4229,-8.45551,-6.4229,-8.45551,-6.4229,-8.45551
-6.35452,-8.44896,-6.30537,-8.6361,-6.32574,-8.48925,-6.47458,-8.2086,-6.35452,-8.44896,-6.41235,-8.48042,-6.35452,-8.44896,-6.35452,-8.44896,-6.35452,-8.44896
-6.28613,-8.44241,-6.23681,-8.63176,-6.25864,-8.47453,-6.52954,-8.18839,-6.28613,-8.44241,-6.34372,-8.47738,-6.28613,-8.44241,-6.28613,-8.44241,-6.28613,-8.44241
-6.21775,-8.43586,-6.16825,-8.62742,-6.19154,-8.45981,-6.59804,-8.18512,-6.21775,-8.43586,-6.27509,-8.47435,-6.21775,-8.43586,-6.21775,-8.43586,-6.21775,-8.43586
-6.14936,-8.42931,-6.09969,-8.62307,-6.12443,-8.44509,-6.66632,-8.19237,-6.14936,-8.42931,-6.20646,-8.47132,-6.14936,-8.42931,-6.14936,-8.42931,-6.14936,-8.42931
-6.08098,-8.42276,-6.03113,-8.61873,-6.05733,-8.43038,-6.73442,-8.20137,-6.08098,-8.42276,-6.13783,-8.46828,-6.08098,-8.42276,-6.08098,-8.42276,-6.08098,-8.42276
-6.01259,-8.41621,-5.96257,-8.61439,-5.99022,-8.41566,-6.80243,-8.21108,-6.01259,-8.41621,-6.06919,-8.46525,-6.01259,-8.41621,-6.01259,-8.41621,-6.01259,-8.41621
-5.94463,-8.40626,-5.89401,-8.61005,-5.92312,-8.40094,-6.87034,-8.22148,-5.94463,-8.40626,-6.00056,-8.46222,-5.94463,-8.40626,-5.94463,-8.40626,-5.94463,-8.40626
-5.87763,-8.39118,-5.82544,-8.6057,-5.85602,-8.38622,-6.93813,-8.23258,-5.87763,-8.39118,-5.932,-8.45812,-5.87763,-8.39118,-5.87763,-8.39118,-5.87763,-8.39118
-5.81197,-8.37103,-5.75688,-8.60136,-5.78891,-8.37151,-7.00581,-8.24439,-5.81197,-8.37103,-5.86391,-8.44909,-5.81197,-8.37103,-5.81197,-8.37103,-5.81197,-8.37103
-5.74804,-8.34593,-5.68832,-8.59702,-5.72181,-8.35679,-7.07339,-8.25674,-5.74804,-8.34593,-5.79671,-8.43489,-5.74804,-8.34593,-5.74804,-8.34593,-5.74804,-8.34593
-5.68621,-8.31603,-5.61976,-8.59268,-5.65471,-8.34207,-7.14096,-8.26914,-5.68621,-8.31603,-5.7308,-8.4156,-5.68621,-8.31603,-5.68621,-8.31603,-5.68621,-8.31603
-5.62684,-8.2815,-5.5512,-8.58834,-5.5876,-8.32735,-7.20853,-8.28153,-5.62684,-8.2815,-5.66654,-8.39135,-5.62684,-8.2815,-5.62684,-8.2815,-5.62684,-8.2815
-5.57027,-8.24254,-5.48264,-8.58399,-5.5205,-8.31263,-7.2761,-8.29392,-5.57027,-8.24254,-5.60432,-8.36226,-5.57027,-8.24254,-5.57027,-8.24254,-5.57027,-8.24254
-5.51684,-8.19939,-5.41408,-8.57965,-5.4534,-8.29792,-7.34367,-8.30632,-5.51684,-8.19939,-5.5445,-8.32852,-5.51684,-8.19939,-5.51684,-8.19939,-5.51684,-8.19939
-5.46686,-8.15228,-5.34552,-8.57531,-5.38629,-8.2832,-7.41124,-8.31871,-5.46686,-8.15228,-5.48743,-8.29031,-5.46686,-8.15228,-5.46686,-8.15228,-5.46686,-8.15228
-5.41983,-8.10221,-5.27696,-8.57097,-5.31919,-8.26848,-7.47882,-8.3311,-5.41983,-8.10221,-5.43344,-8.24786,-5.42061,-8.1015,-5.42061,-8.1015,-5.42061,-8.1015
-5.37299,-8.05195,-5.20839,-8.56663,-5.25209,-8.25376,-7.54639,-8.3435,-5.37299,-8.05195,-5.38284,-8.20142,-5.37838,-8.04734,-5.37838,-8.04734,-5.37838,-8.04734
-5.32616,-8.00169,-5.13983,-8.56228,-5.18498,-8.23905,-7.61396,-8.35589,-5.32616,-8.00169,-5.33593,-8.15125,-5.34039,-7.99012,-5.34039,-7.99012,-5.34039,-7.99012
-5.27932,-7.95144,-5.07127,-8.55794,-5.11788,-8.22433,-7.68153,-8.36828,-5.27932,-7.95144,-5.29298,-8.09765,-5.30688,-7.93017,-5.30688,-7.93017,-5.30688,-7.93017
-5.23249,-7.90118,-5.00271,-8.5536,-5.05078,-8.20961,-7.74927,-8.37963,-5.23249,-7.90118,-5.25424,-8.04094,-5.27804,-7.86784,-5.27804,-7.86784,-5.27804,-7.86784
-5.18565,-7.85092,-4.93415,-8.54926,-4.98367,-8.19489,-7.81766,-8.38605,-5.18565,-7.85092,-5.21702,-7.9832,-5.25304,-7.80385,-5.25403,-7.80349,-5.25403,-7.80349
-5.13882,-7.80066,-4.86559,-8.54492,-4.91657,-8.18018,-7.88633,-8.38724,-5.13882,-7.80066,-5.1798,-7.92546,-5.22829,-7.73977,-5.23501,-7.7375,-5.23501,-7.7375
-5.09198,-7.7504,-4.80053,-8.55533,-4.84947,-8.16546,-7.95489,-8.38318,-5.09198,-7.7504,-5.14259,-7.86771,-5.20355,-7.67568,-5.22107,-7.67024,-5.22107,-7.67024
-5.04515,-7.70014,-4.74152,-8.59049,-4.78236,-8.15074,-8.02294,-8.37391,-5.04515,-7.70014,-5.10537,-7.80997,-5.1788,-7.61159,-5.20891,-7.60263,-5.2123,-7.60212
-4.99831,-7.64988,-4.68252,-8.62569,-4.73,-8.16528,-8.09009,-8.35948,-4.99831,-7.64988,-5.06816,-7.75222,-5.15405,-7.54751,-5.19677,-7.53501,-5.20769,-7.53358
-4.95148,-7.59962,-4.62352,-8.66088,-4.70242,-8.2282,-8.15594,-8.33997,-4.95148,-7.59962,-5.03094,-7.69448,-5.12931,-7.48342,-5.18463,-7.46739,-5.20335,-7.46502
-4.90464,-7.54936,-4.56452,-8.69608,-4.67487,-8.29113,-8.22011,-8.31549,-4.90464,-7.54936,-4.99372,-7.63673,-5.10456,-7.41933,-5.17249,-7.39978,-5.19901,-7.39646
-4.85781,-7.4991,-4.50552,-8.73127,-4.64731,-8.35406,-8.28223,-8.2862,-4.85781,-7.4991,-4.95651,-7.57899,-5.07982,-7.35525,-5.16035,-7.33216,-5.19468,-7.3279
-4.81097,-7.44885,-4.44652,-8.76647,-4.61975,-8.41699,-8.34194,-8.25225,-4.81097,-7.44885,-4.91929,-7.52124,-5.05507,-7.29116,-5.14821,-7.26454,-5.19034,-7.25934
-4.76414,-7.39859,-4.38752,-8.80166,-4.5922,-8.47992,-8.39888,-8.21384,-4.76414,-7.39859,-4.88208,-7.4635,-5.03033,-7.22707,-5.13607,-7.19693,-5.186,-7.19078
-4.7173,-7.34833,-4.32853,-8.83686,-4.56464,-8.54285,-8.45272,-8.17121,-4.7173,-7.34833,-4.84486,-7.40575,-5.00558,-7.16299,-5.12393,-7.12931,-5.18167,-7.12221
-4.67047,-7.29807,-4.26953,-8.87205,-4.53708,-8.60578,-8.50316,-8.12459,-4.67047,-7.29807,-4.80765,-7.34801,-4.98083,-7.0989,-5.11179,-7.06169,-5.17733,-7.05365
-4.62363,-7.24781,-4.21053,-8.90724,-4.50953,-8.66871,-8.5499,-8.07426,-4.62363,-7.24781,-4.77043,-7.29026,-4.95609,-7.03481,-5.09965,-6.99407,-5.173,-6.98509
-4.5768,-7.19755,-4.14987,-8.93945,-4.48197,-8.73164,-8.59266,-8.02052,-4.5768,-7.19755,-4.73321,-7.23252,-4.93134,-6.97073,-5.0875,-6.92646,-5.16866,-6.91653
-4.52996,-7.14729,-4.08693,-8.96695,-4.45442,-8.79456,-8.6312,-7.96367,-4.52996,-7.14729,-4.696,-7.17477,-4.9066,-6.90664,-5.07536,-6.85884,-5.16432,-6.84797
-4.48313,-7.09703,-4.02208,-8.98957,-4.42377,-8.85603,-8.6653,-7.90405,-4.48313,-7.09703,-4.65878,-7.11703,-4.88185,-6.84255,-5.06322,-6.79122,-5.15999,-6.77941
-4.43629,-7.04677,-3.95569,-9.00717,-4.38853,-8.91498,-8.69474,-7.842,-4.43629,-7.04677,-4.62157,-7.05928,-4.85711,-6.77846,-5.05108,-6.72361,-5.15565,-6.71085
-4.38946,-6.99652,-3.88816,-9.01967,-4.34891,-8.97108,-8.71937,-7.77789,-4.38946,-6.99652,-4.58435,-7.00154,-4.83236,-6.71438,-5.03894,-6.65599,-5.15131,-6.64228
-4.34262,-6.94626,-3.81987,-9.02697,-4.30512,-9.02399,-8.73904,-7.71208,-4.34262,-6.94626,-4.54714,-6.94379,-4.80761,-6.65029,-5.0268,-6.58837,-5.14698,-6.57372
-4.29579,-6.896,-3.75122,-9.02905,-4.25742,-9.07341,-8.75363,-7.64497,-4.29579,-6.896,-4.50992,-6.88605,-4.78287,-6.5862,-5.01466,-6.52076,-5.14264,-6.50516
-4.24895,-6.84574,-3.68261,-9.02589,-4.20609,-9.11905,-8.76307,-7.57694,-4.24895,-6.84574,-4.47271,-6.8283,-4.75812,-6.52212,-5.00252,-6.45314,-5.1383,-6.4366
-4.20212,-6.79548,-3.61409,-9.0209,-4.15144,-9.16064,-8.76728,-7.50839,-4.20212,-6.79548,-4.43549,-6.77056,-4.73338,-6.45803,-4.99038,-6.38552,-5.13397,-6.36804
-4.15528,-6.74522,-3.54557,-9.01591,-4.09377,-9.19794,-8.76626,-7.43971,-4.15528,-6.74522,-4.39827,-6.71281,-4.70863,-6.39394,-4.97824,-6.3179,-5.12963,-6.29948
-4.10845,-6.69496,-3.47706,-9.01091,-4.03342,-9.23073,-8.76001,-7.37132,-4.10845,-6.69496,-4.36106,-6.65507,-4.68389,-6.32986,-4.96609,-6.25029,-5.12529,-6.23092
-4.06161,-6.6447,-3.40854,-9.00592,-3.97075,-9.25883,-8.74855,-7.3036,-4.06161,-6.6447,-4.32384,-6.59732,-4.65914,-6.26577,-4.95395,-6.18267,-5.12096,-6.16235
-4.01478,-6.59444,-3.34002,-9.00092,-3.90612,-9.28206,-8.73197,-7.23695,-4.01478,-6.59444,-4.28663,-6.53958,-4.63439,-6.20168,-4.94181,-6.11505,-5.11662,-6.09379
-3.96794,-6.54419,-3.27151,-8.99592,-3.8399,-9.3003,-8.71035,-7.17176,-3.96794,-6.54419,-4.24941,-6.48183,-4.60965,-6.1376,-4.92967,-6.04744,-5.11229,-6.02523
-3.92111,-6.49393,-3.20299,-8.99093,-3.77249,-9.31344,-8.68382,-7.10841,-3.92111,-6.49393,-4.2122,-6.42409,-4.5849,-6.07351,-4.91753,-5.97982,-5.10795,-5.95667
-3.88571,-6.43746,-3.13447,-8.98593,-3.70427,-9.3214,-8.65254,-7.04726,-3.88571,-6.43746,-4.17498,-6.36634,-4.56016,-6.00942,-4.90539,-5.9122,-5.10361,-5.88811
-3.86969,-6.37066,-3.06596,-8.98094,-3.63756,-9.33717,-8.61669,-6.98868,-3.86969,-6.37066,-4.13777,-6.3086,-4.53541,-5.94534,-4.89325,-5.84458,-5.09928,-5.81955
-3.8537,-6.30385,-2.99744,-8.97594,-3.5746,-9.36439,-8.57647,-6.933,-3.8537,-6.30385,-4.10055,-6.25085,-4.51067,-5.88125,-4.88111,-5.77697,-5.09494,-5.75099
-3.83771,-6.23704,-2.92892,-8.97094,-3.51723,-9.40197,-8.53213,-6.88056,-3.83771,-6.23704,-4.06333,-6.19311,-4.48592,-5.81716,-4.86897,-5.70935,-5.0906,-5.68242
-3.82172,-6.17022,-2.86041,-8.96595,-3.57926,-9.43771,-8.52683,-6.81397,-3.82172,-6.17022,-4.02612,-6.13536,-4.46117,-5.75307,-4.85683,-5.64173,-5.08627,-5.61386
-3.80573,-6.10341,-2.79189,-8.96095,-3.6478,-9.44236,-8.52778,-6.74527,-3.80573,-6.10341,-3.9889,-6.07762,-4.43643,-5.68899,-4.84468,-5.57412,-5.08193,-5.5453
-3.78974,-6.0366,-2.72337,-8.95596,-3.71638,-9.44631,-8.52809,-6.67658,-3.78974,-6.0366,-3.95169,-6.01987,-4.41168,-5.6249,-4.83254,-5.5065,-5.07759,-5.47674
-3.77375,-5.96979,-2.65486,-8.95096,-3.785,-9.44955,-8.52798,-6.60788,-3.77375,-5.96979,-3.91447,-5.96213,-4.38694,-5.56081,-4.8204,-5.43888,-5.07326,-5.40818
-3.75776,-5.90298,-2.58634,-8.94596,-3.85365,-9.45208,-8.52851,-6.53918,-3.75776,-5.90298,-3.87726,-5.90438,-4.36219,-5.49673,-4.80826,-5.37126,-5.06892,-5.33962
-3.74177,-5.83617,-2.51782,-8.94097,-3.92232,-9.45419,-8.52928,-6.47049,-3.74177,-5.83617,-3.84004,-5.84664,-4.33745,-5.43264,-4.79612,-5.30365,-5.06459,-5.27106
-3.72578,-5.76935,-2.44931,-8.93597,-3.99096,-9.45694,-8.53005,-6.40179,-3.72578,-5.76935,-3.80282,-5.78889,-4.3127,-5.36855,-4.78398,-5.23603,-5.06025,-5.20249
-3.70649,-5.70344,-2.38079,-8.93098,-4.05962,-9.45947,-8.53083,-6.3331,-3.70649,-5.70344,-3.76561,-5.73115,-4.28795,-5.30447,-4.77184,-5.16841,-5.05591,-5.13393
-3.68224,-5.63918,-2.31228,-8.92598,-4.12828,-9.46158,-8.5316,-6.26441,-3.68224,-5.63918,-3.72839,-5.6734,-4.26321,-5.24038,-4.7597,-5.1008,-5.05158,-5.06537
-3.65316,-5.57696,-2.24376,-8.92098,-4.19692,-9.46432,-8.53238,-6.19571,-3.65316,-5.57696,-3.69118,-5.61566,-4.23846,-5.17629,-4.74756,-5.03318,-5.04724,-4.99681
-3.61942,-5.51713,-2.17524,-8.91599,-4.26558,-9.46685,-8.53315,-6.12702,-3.61942,-5.51713,-3.65396,-5.55791,-4.21372,-5.11221,-4.73542,-4.96556,-5.0429,-4.92825
-3.58122,-5.46006,-2.10673,-8.91099,-4.33425,-9.46868,-8.53392,-6.05832,-3.58122,-5.46006,-3.61675,-5.50017,-4.19554,-5.04606,-4.72327,-4.89794,-5.03857,-4.85969
-3.53878,-5.40606,-2.03821,-8.906,-4.40294,-9.46979,-8.5347,-5.98963,-3.53878,-5.40606,-3.57953,-5.44242,-4.18887,-4.9778,-4.71113,-4.83033,-5.03423,-4.79113
-3.49234,-5.35546,-1.96969,-8.901,-4.47164,-9.4702,-8.53547,-5.92094,-3.49234,-5.35546,-3.54232,-5.38468,-4.20241,-4.91211,-4.69899,-4.76271,-5.02989,-4.72256
-3.44456,-5.3061,-1.90118,-8.896,-4.54033,-9.4699,-8.53624,-5.85224,-3.44456,-5.3061,-3.5051,-5.32693,-4.23473,-4.85149,-4.68685,-4.69509,-5.02556,-4.654
-3.39678,-5.25674,-1.83266,-8.89101,-4.60902,-9.4689,-8.5336,-5.78361,-3.39678,-5.25674,-3.46788,-5.26919,-4.26708,-4.79088,-4.67471,-4.62748,-5.02122,-4.58544
-3.34899,-5.20738,-1.76414,-8.88601,-4.6777,-9.46718,-8.52574,-5.71538,-3.34899,-5.20738,-3.43067,-5.21145,-4.29942,-4.73027,-4.66257,-4.55986,-5.01688,-4.51688
-3.3012,-5.15803,-1.69563,-8.88102,-4.74636,-9.46476,-8.5127,-5.64795,-3.3012,-5.15803,-3.39345,-5.1537,-4.33177,-4.66966,-4.65043,-4.49224,-5.01255,-4.44832
-3.25342,-5.10867,-1.62711,-8.87602,-4.81498,-9.46163,-8.49455,-5.58171,-3.25342,-5.10867,-3.35624,-5.09596,-4.36411,-4.60906,-4.63829,-4.42463,-5.00821,-4.37976
-3.20563,-5.05931,-1.55859,-8.87102,-4.88357,-9.45779,-8.47141,-5.51704,-3.20563,-5.05931,-3.31902,-5.03821,-4.39646,-4.54845,-4.62615,-4.35701,-5.00388,-4.3112
-3.15785,-5.00996,-1.49008,-8.86603,-4.95214,-9.45354,-8.4434,-5.45433,-3.15785,-5.00996,-3.28181,-4.98047,-4.4288,-4.48784,-4.61401,-4.28939,-4.99954,-4.24263
-3.11006,-4.9606,-1.42156,-8.86103,-5.02074,-9.44991,-8.4107,-5.39394,-3.11006,-4.9606,-3.24459,-4.92272,-4.46115,-4.42724,-4.60186,-4.22177,-4.9952,-4.17407
-3.06228,-4.91125,-1.35304,-8.85604,-5.08938,-9.44699,-8.37348,-5.33621,-3.06228,-4.91125,-3.20737,-4.86498,-4.4935,-4.36663,-4.58972,-4.15416,-4.99087,-4.10551
-3.01449,-4.86189,-1.28453,-8.85104,-5.15804,-9.44478,-8.33197,-5.2815,-3.01449,-4.86189,-3.17016,-4.80723,-4.52584,-4.30602,-4.57758,-4.08654,-4.98653,-4.03695
-2.96671,-4.81253,-1.21601,-8.84604,-5.22672,-9.44328,-8.2864,-5.2301,-2.96671,-4.81253,-3.13294,-4.74949,-4.55512,-4.24389,-4.56544,-4.01892,-4.98219,-3.96839
-2.91892,-4.76318,-1.14749,-8.84105,-5.29542,-9.44249,-8.23706,-5.18234,-2.91892,-4.76318,-3.09573,-4.69174,-4.57959,-4.17972,-4.5533,-3.95131,-4.97786,-3.89983
-2.87114,-4.71382,-1.07898,-8.83605,-5.36411,-9.4424,-8.18421,-5.13847,-2.87114,-4.71382,-3.05851,-4.634,-4.5991,-4.11387,-4.54116,-3.88369,-4.97352,-3.83127
-2.82335,-4.66447,-1.01046,-8.83105,-5.43281,-9.44302,-8.12817,-5.09876,-2.82335,-4.66447,-3.0213,-4.57625,-4.61353,-4.04672,-4.52902,-3.81607,-4.96918,-3.7627
-2.77556,-4.61511,-0.941944,-8.82606,-5.5015,-9.44435,-8.06926,-5.06344,-2.77556,-4.61511,-2.98408,-4.51851,-4.62279,-3.97866,-4.51688,-3.74845,-4.96485,-3.69414
-2.72778,-4.56575,-0.873428,-8.82106,-5.57016,-9.44639,-8.00784,-5.03272,-2.72778,-4.56575,-2.97584,-4.45126,-4.62684,-3.9101,-4.50474,-3.68084,-4.96051,-3.62558
-2.67999,-4.5164,-0.804911,-8.81607,-5.63881,-9.44913,-7.94464,-5.00578,-2.67999,-4.5164,-2.97191,-4.38267,-4.62564,-3.84143,-4.4926,-3.61322,-4.95617,-3.55702
-2.63221,-4.46704,-0.736395,-8.81107,-5.70746,-9.45166,-7.88134,-4.9791,-2.63221,-4.46704,-2.96798,-4.31409,-4.61922,-3.77305,-4.48046,-3.5456,-4.95184,-3.48846
-2.60898,-4.4112,-0.667878,-8.80607,-5.77612,-9.45377,-7.81803,-4.95241,-2.60898,-4.4112,-2.96404,-4.2455,-4.6076,-3.70536,-4.46831,-3.47799,-4.9475,-3.4199
-2.62669,-4.34482,-0.599362,-8.80108,-5.84477,-9.45652,-7.75473,-4.92573,-2.62669,-4.34482,-2.96011,-4.17692,-4.59085,-3.63875,-4.45617,-3.41037,-4.94317,-3.35134
-2.64443,-4.27846,-0.530845,-8.79608,-5.91342,-9.45905,-7.69143,-4.89905,-2.64443,-4.27846,-2.95618,-4.10833,-4.56907,-3.57361,-4.44403,-3.34275,-4.93883,-3.28277
-2.66218,-4.21209,-0.462329,-8.79109,-5.98208,-9.46116,-7.62812,-4.87236,-2.66218,-4.21209,-2.95225,-4.03974,-4.54336,-3.50991,-4.43189,-3.27513,-4.93449,-3.21421
-2.67992,-4.14572,-0.393812,-8.78609,-6.05073,-9.4639,-7.56482,-4.84568,-2.67992,-4.14572,-2.94832,-3.97116,-4.51739,-3.44631,-4.41975,-3.20752,-4.93016,-3.14565
-2.69767,-4.07935,-0.325296,-8.78109,-6.11938,-9.46643,-7.50151,-4.81899,-2.69767,-4.07935,-2.94439,-3.90257,-4.49143,-3.3827,-4.40761,-3.1399,-4.92582,-3.07709
-2.71541,-4.01299,-0.256779,-8.7761,-6.18805,-9.46826,-7.43821,-4.79231,-2.71541,-4.01299,-2.94046,-3.83399,-4.46547,-3.3191,-4.39547,-3.07228,-4.92148,-3.00853
-2.73315,-3.94662,-0.188262,-8.7711,-6.25674,-9.46937,-7.3749,-4.76563,-2.73315,-3.94662,-2.93547,-3.76548,-4.4395,-3.2555,-4.38333,-3.00467,-4.91715,-2.93997
-2.7509,-3.88025,-0.119746,-8.76611,-6.32544,-9.46978,-7.3116,-4.73894,-2.7509,-3.88025,-2.92554,-3.69752,-4.41354,-3.1919,-4.37119,-2.93705,-4.91281,-2.87141
-2.76864,-3.81388,-0.0512294,-8.76111,-6.39414,-9.46948,-7.24829,-4.71226,-2.76864,-3.81388,-2.91047,-3.63051,-4.38757,-3.12829,-4.35905,-2.86943,-4.90847,-2.80284
-2.78638,-3.74752,0.0172871,-8.75611,-6.46283,-9.46848,-7.18499,-4.68558,-2.78638,-3.74752,-2.89032,-3.56485,-4.36161,-3.06469,-4.3469,-2.80181,-4.90414,-2.73428
-2.8008,-3.68036,0.0858037,-8.75112,-6.53052,-9.4604,-7.12169,-4.65889,-2.8008,-3.68036,-2.86523,-3.50092,-4.33565,-3.00109,-4.33476,-2.7342,-4.8998,-2.66572
-2.81006,-3.61231,0.15432,-8.74612,-6.47861,-9.45169,-7.05838,-4.63221,-2.81006,-3.61231,-2.83533,-3.43909,-4.30968,-2.93748,-4.32262,-2.66658,-4.89547,-2.59716
-2.81411,-3.54375,0.222837,-8.74113,-6.41027,-9.44467,-6.99508,-4.60552,-2.81411,-3.54375,-2.80081,-3.37971,-4.28372,-2.87388,-4.31048,-2.59896,-4.89113,-2.5286
-2.81292,-3.47508,0.291353,-8.73613,-6.34193,-9.43766,-6.93177,-4.57884,-2.81292,-3.47508,-2.76272,-3.32254,-4.25775,-2.81028,-4.29834,-2.53135,-4.88679,-2.46004
-2.80649,-3.4067,0.35987,-8.73113,-6.27359,-9.43064,-6.86847,-4.55216,-2.80649,-3.4067,-2.72441,-3.26551,-4.23179,-2.74667,-4.2862,-2.46373,-4.88246,-2.39148
-2.79487,-3.33901,0.428386,-8.72614,-6.20525,-9.42362,-6.80516,-4.52547,-2.79487,-3.33901,-2.6861,-3.20849,-4.20582,-2.68307,-4.27406,-2.39611,-4.87812,-2.32291
-2.77812,-3.2724,0.496903,-8.72114,-6.13691,-9.41661,-6.74186,-4.49879,-2.77812,-3.2724,-2.64779,-3.15146,-4.17986,-2.61947,-4.26192,-2.32849,-4.87378,-2.25435
-2.75634,-3.20726,0.565419,-8.71615,-6.06857,-9.40959,-6.67855,-4.47211,-2.75634,-3.20726,-2.60948,-3.09444,-4.1539,-2.55587,-4.24978,-2.26088,-4.86945,-2.18579
-2.72965,-3.14398,0.633936,-8.71115,-6.00024,-9.40257,-6.61525,-4.44542,-2.72965,-3.14398,-2.57117,-3.03742,-4.12793,-2.49226,-4.23764,-2.19326,-4.86511,-2.11723
-2.69822,-3.08291,0.702452,-8.70615,-5.9319,-9.39556,-6.55195,-4.41874,-2.69822,-3.08291,-2.53286,-2.98039,-4.10197,-2.42866,-4.22549,-2.12564,-4.86077,-2.04867
-2.66222,-3.02442,0.770969,-8.70116,-5.86356,-9.38854,-6.48864,-4.39205,-2.66222,-3.02442,-2.49455,-2.92337,-4.076,-2.36506,-4.21335,-2.05803,-4.85644,-1.98011
-2.62187,-2.96884,0.839486,-8.69616,-5.79522,-9.38152,-6.42534,-4.36537,-2.62187,-2.96884,-2.45624,-2.86634,-4.05004,-2.30145,-4.20121,-1.99041,-4.8521,-1.91155
-2.5774,-2.9165,0.908002,-8.69117,-5.72688,-9.37451,-6.36203,-4.33869,-2.5774,-2.9165,-2.41793,-2.80932,-4.02408,-2.23785,-4.18907,-1.92279,-4.84776,-1.84298
-2.52981,-2.86696,0.976519,-8.68617,-5.65854,-9.36749,-6.29873,-4.312,-2.52981,-2.86696,-2.37962,-2.75229,-3.99811,-2.17425,-4.17693,-1.85518,-4.84343,-1.77442
-2.48203,-2.8176,1.04504,-8.68117,-5.59366,-9.34563,-6.23542,-4.28532,-2.48203,-2.8176,-2.34131,-2.69527,-3.97215,-2.11064,-4.16479,-1.78756,-4.83909,-1.70586
-2.43424,-2.76825,1.11355,-8.67618,-5.52937,-9.32143,-6.17212,-4.25864,-2.43424,-2.76825,-2.303,-2.63825,-3.94618,-2.04704,-4.15265,-1.71994,-4.83476,-1.6373
-2.38646,-2.71889,1.18207,-8.67118,-5.46507,-9.29723,-6.10881,-4.23195,-2.38646,-2.71889,-2.26469,-2.58122,-3.92022,-1.98344,-4.14051,-1.65232,-4.83042,-1.56874
-2.33867,-2.66953,1.25058,-8.66619,-5.40077,-9.27304,-6.04551,-4.20527,-2.33867,-2.66953,-2.22638,-2.5242,-3.89426,-1.91984,-4.12837,-1.58471,-4.82608,-1.50018
-2.29088,-2.62018,1.3191,-8.66119,-5.33648,-9.24884,-5.98221,-4.17858,-2.29088,-2.62018,-2.18806,-2.46717,-3.86829,-1.85623,-4.11623,-1.51709,-4.82175,-1.43162
-2.2431,-2.57082,1.38762,-8.65619,-5.27218,-9.22464,-5.9189,-4.1519,-2.2431,-2.57082,-2.14975,-2.41015,-3.84233,-1.79263,-4.10408,-1.44947,-4.81741,-1.36305
-2.19531,-2.52147,1.45613,-8.6512,-5.20788,-9.20045,-5.8556,-4.12522,-2.19531,-2.52147,-2.11144,-2.35313,-3.81636,-1.72903,-4.09194,-1.38186,-4.81307,-1.29449
-2.14753,-2.47211,1.4705,-8.7106,-5.14359,-9.17625,-5.79229,-4.09853,-2.14753,-2.47211,-2.07313,-2.2961,-3.7904,-1.66542,-4.0798,-1.31424,-4.80874,-1.22593
-2.09974,-2.42275,1.4764,-8.77905,-5.07929,-9.15205,-5.72899,-4.07185,-2.09974,-2.42275,-2.03482,-2.23908,-3.76444,-1.60182,-4.06766,-1.24662,-4.8044,-1.15737
-2.05196,-2.3734,1.4816,-8.84755,-5.015,-9.12786,-5.66568,-4.04517,-2.05196,-2.3734,-1.99651,-2.18205,-3.73847,-1.53822,-4.05552,-1.179,-4.80006,-1.08881
-2.00417,-2.32404,1.48609,-8.9161,-4.95034,-9.10466,-5.60238,-4.01848,-2.00417,-2.32404,-1.9582,-2.12503,-3.71251,-1.47461,-4.04338,-1.11139,-4.79573,-1.02025
-1.95639,-2.27469,1.48987,-8.98469,-4.88419,-9.0862,-5.53907,-3.9918,-1.95639,-2.27469,-1.91989,-2.068,-3.68654,-1.41101,-4.03124,-1.04377,-4.79139,-0.951685
-1.9086,-2.22533,1.49295,-9.05332,-4.81702,-9.07179,-5.47577,-3.96511,-1.9086,-2.22533,-1.88158,-2.01098,-3.66058,-1.34741,-4.0191,-0.976153,-4.78705,-0.883124
-1.86082,-2.17597,,,-4.74979,-9.05765,-5.41247,-3.93843,-1.86082,-2.17597,-1.84327,-1.95396,-3.63461,-1.28381,-4.00696,-0.908536,-4.78272,-0.814562
-1.81303,-2.12662,,,-4.68257,-9.04352,-5.34916,-3.91175,-1.81303,-2.12662,-1.80496,-1.89693,-3.60865,-1.2202,-3.99482,-0.840919,-4.77838,-0.746001
-1.76524,-2.07726,,,-4.61534,-9.02938,-5.28586,-3.88506,-1.76524,-2.07726,-1.76665,-1.83991,-3.58269,-1.1566,-3.98267,-0.773302,-4.77405,-0.677439
-1.71746,-2.02791,,,-4.54811,-9.01524,-5.22255,-3.85838,-1.71746,-2.02791,-1.72834,-1.78288,-3.55672,-1.093,-3.97053,-0.705685,-4.76971,-0.608878
-1.66967,-1.97855,,,-4.48088,-9.0011,-5.15925,-3.83169,-1.66967,-1.97855,-1.69003,-1.72586,-3.53076,-1.02939,-3.95839,-0.638067,-4.76537,-0.540316
-1.62189,-1.92919,,,-4.41365,-8.98697,-5.09594,-3.80501,-1.62189,-1.92919,-1.65171,-1.66883,-3.50479,-0.965791,-3.94625,-0.57045,-4.76104,-0.471755
-1.5741,-1.87984,,,-4.34643,-8.97283,-5.03264,-3.77833,-1.5741,-1.87984,-1.6134,-1.61181,-3.47883,-0.902188,-3.93411,-0.502833,-4.7567,-0.403194
-1.52632,-1.83048,,,-4.2792,-8.95869,-4.96933,-3.75164,-1.52632,-1.83048,-1.57509,-1.55479,-3.45287,-0.838585,-3.92197,-0.435216,-4.75236,-0.334632
-1.47853,-1.78113,,,-4.21197,-8.94455,-4.90603,-3.72496,-1.47853,-1.78113,-1.53678,-1.49776,-3.4269,-0.774982,-3.90983,-0.367599,-4.74803,-0.266071
-1.43075,-1.73177,,,-4.14474,-8.93042,-4.84273,-3.69828,-1.43075,-1.73177,-1.49847,-1.44074,-3.40094,-0.711379,-3.89769,-0.299982,-4.74369,-0.197509
-1.38296,-1.68241,,,-4.07751,-8.91628,-4.77942,-3.67159,-1.38296,-1.68241,-1.46016,-1.38371,-3.37497,-0.647776,-3.88555,-0.232365,-4.73935,-0.128948
-1.33517,-1.63306,,,-4.01029,-8.90214,-4.71612,-3.64491,-1.33517,-1.63306,-1.42185,-1.32669,-3.34901,-0.584173,-3.87341,-0.164748,-4.73502,-0.0603864
-1.28739,-1.5837,,,-3.94306,-8.888,-4.65281,-3.61822,-1.28739,-1.5837,-1.38354,-1.26966,-3.32305,-0.52057,-3.86126,-0.0971306,-4.73068,0.00817505
-1.2396,-1.53434,,,-3.87583,-8.87387,-4.58951,-3.59154,-1.2396,-1.53434,-1.34523,-1.21264,-3.29708,-0.456967,-3.84912,-0.0295135,-4.72635,0.0767365
-1.19182,-1.48499,,,-3.8086,-8.85973,-4.5262,-3.56486,-1.19182,-1.48499,-1.30692,-1.15562,-3.27112,-0.393364,-3.83698,0.0381036,-4.72201,0.145298
-1.14403,-1.43563,,,-3.74137,-8.84559,-4.4629,-3.53817,-1.14403,-1.43563,-1.26861,-1.09859,-3.24515,-0.329761,-3.82484,0.105721,-4.71767,0.213859
-1.09625,-1.38628,,,-3.67415,-8.83145,-4.39959,-3.51149,-1.09625,-1.38628,-1.2303,-1.04157,-3.21919,-0.266158,-3.8127,0.173338,-4.71334,0.282421
-1.04846,-1.33692,,,-3.60692,-8.81732,-4.33629,-3.48481,-1.04846,-1.33692,-1.19199,-0.984543,-3.19322,-0.202555,-3.80056,0.240955,-4.709,0.350982
-1.00068,-1.28756,,,-3.53969,-8.80318,-4.27299,-3.45812,-1.00068,-1.28756,-1.15368,-0.927519,-3.16726,-0.138952,-3.78842,0.308572,-4.70466,0.419544
-0.952891,-1.23821,,,-3.47246,-8.78904,-4.20968,-3.43144,-0.952891,-1.23821,-1.11536,-0.870494,-3.1413,-0.0753491,-3.77628,0.376189,-4.70033,0.488105
-0.905105,-1.18885,,,-3.40523,-8.7749,-4.14638,-3.40475,-0.905105,-1.18885,-1.07705,-0.81347,-3.11533,-0.0117461,-3.76414,0.443806,-4.69599,0.556667
-0.85732,-1.1395,,,-3.33801,-8.76077,-4.08307,-3.37807,-0.85732,-1.1395,-1.03874,-0.756446,-3.08937,0.0518569,-3.752,0.511423,-4.69165,0.625228
-0.809534,-1.09014,,,-3.27078,-8.74663,-4.01977,-3.35139,-0.809534,-1.09014,-1.00043,-0.699422,-3.0634,0.11546,-3.73986,0.57904,-4.68732,0.693789
-0.761749,-1.04078,,,-3.20355,-8.73249,-3.95646,-3.3247,-0.761749,-1.04078,-0.962122,-0.642397,-3.03744,0.179063,-3.72771,0.646658,-4.68298,0.762351
-0.713963,-0.991428,,,-3.13632,-8.71835,-3.89316,-3.29802,-0.713963,-0.991428,-0.923811,-0.585373,-3.01148,0.242666,-3.71557,0.714275,-4.67864,0.830912
-0.666178,-0.942072,,,-3.06909,-8.70422,-3.82986,-3.27134,-0.666178,-0.942072,-0.8855,-0.528349,-2.98551,0.306269,-3.70343,0.781892,-4.67431,0.899474
-0.618392,-0.892716,,,-3.00187,-8.69008,-3.76655,-3.24465,-0.618392,-0.892716,-0.84719,-0.471325,-2.95955,0.369872,-3.69129,0.849509,-4.66997,0.968035
-0.570607,-0.84336,,,-2.93464,-8.67594,-3.70325,-3.21797,-0.570607,-0.84336,-0.808879,-0.4143,-2.93358,0.433475,-3.67915,0.917126,-4.66564,1.0366
-0.522821,-0.794004,,,-2.86741,-8.6618,-3.63994,-3.19128,-0.522821,-0.794004,-0.770568,-0.357276,-2.90762,0.497078,-3.66701,0.984743,-4.6613,1.10516
-0.475036,-0.744648,,,-2.80018,-8.64767,-3.57664,-3.1646,-0.475036,-0.744648,-0.732258,-0.300252,-2.88166,0.560681,-3.65487,1.05236,-4.65696,1.17372
-0.42725,-0.695292,,,-2.73295,-8.63353,-3.51333,-3.13792,-0.42725,-0.695292,-0.693947,-0.243228,-2.85569,0.624284,-3.64273,1.11998,-4.65263,1.24228
-0.379465,-0.645936,,,-2.66572,-8.61939,-3.45003,-3.11123,-0.379465,-0.645936,-0.655636,-0.186203,-2.82973,0.687887,-3.63059,1.18759,-4.64829,1.31084
-0.331679,-0.59658,,,-2.59899,-8.60331,-3.38672,-3.08455,-0.331679,-0.59658,-0.617325,-0.129179,-2.80376,0.75149,-3.61845,1.25521,-4.64395,1.3794
-0.283894,-0.547223,,,-2.53561,-8.57708,-3.32342,-3.05786,-0.283894,-0.547223,-0.579015,-0.0721548,-2.7778,0.815093,-3.6063,1.32283,-4.63962,1.44797
-0.236108,-0.497867,,,-2.47765,-8.5404,-3.26012,-3.03118,-0.236108,-0.497867,-0.540704,-0.0151305,-2.75183,0.878696,-3.59416,1.39045,-4.63528,1.51653
-0.188323,-0.448511,,,-2.49154,-8.47881,-3.19681,-3.0045,-0.188323,-0.448511,-0.502393,0.0418937,-2.72587,0.942299,-3.58202,1.45806,-4.63094,1.58509
-0.140537,-0.399155,,,-2.51535,-8.41437,-3.13351,-2.97781,-0.140537,-0.399155,-0.464083,0.098918,-2.69991,1.0059,-3.56988,1.52568,-4.62661,1.65365
-0.0927516,-0.349799,,,-2.53916,-8.34993,-3.0702,-2.95113,-0.0927516,-0.349799,-0.425772,0.155942,-2.67394,1.0695,-3.55774,1.5933,-4.62227,1.72221
-0.0449661,-0.300443,,,-2.56297,-8.28549,-3.0069,-2.92445,-0.0449661,-0.300443,-0.387461,0.212966,-2.64798,1.13311,-3.5456,1.66091,-4.61793,1.79077
0.0028194,-0.251087,,,-2.58678,-8.22105,-2.94359,-2.89776,0.0028194,-0.251087,-0.349151,0.269991,-2.62201,1.19671,-3.53346,1.72853,-4.6136,1.85933
0.0506049,-0.201731,,,-2.61059,-8.15661,-2.88029,-2.87108,0.0506049,-0.201731,-0.31084,0.327015,-2.59605,1.26031,-3.52132,1.79615,-4.60926,1.9279
0.0983904,-0.152375,,,-2.6344,-8.09217,-2.81698,-2.84439,0.0983904,-0.152375,-0.272529,0.384039,-2.57009,1.32392,-3.50918,1.86377,-4.60493,1.99646
0.146176,-0.103019,,,-2.65821,-8.02773,-2.75368,-2.81771,0.146176,-0.103019,-0.234218,0.441064,-2.54412,1.38752,-3.49704,1.93138,-4.60059,2.06502
0.193961,-0.0536628,,,-2.68202,-7.96329,-2.69038,-2.79103,0.193961,-0.0536628,-0.195908,0.498088,-2.51816,1.45112,-3.48489,1.999,-4.59625,2.13358
0.241747,-0.0043067,,,-2.70583,-7.89885,-2.62707,-2.76434,0.241747,-0.0043067,-0.157597,0.555112,-2.49219,1.51473,-3.47275,2.06662,-4.59192,2.20214
0.289532,0.0450494,,,-2.72864,-7.83406,-2.56377,-2.73766,0.289532,0.0450494,-0.119286,0.612136,-2.46623,1.57833,-3.46061,2.13423,-4.58758,2.2707
0.337318,0.0944054,,,-2.7467,-7.7678,-2.50046,-2.71098,0.337318,0.0944054,-0.0809756,0.669161,-2.44027,1.64193,-3.44847,2.20185,-4.58324,2.33926
0.385103,0.143762,,,-2.75966,-7.70035,-2.43716,-2.68429,0.385103,0.143762,-0.0426649,0.726185,-2.4143,1.70553,-3.43633,2.26947,-4.57891,2.40783
0.432889,0.193118,,,-2.76744,-7.63211,-2.37385,-2.65761,0.432889,0.193118,-0.00435418,0.783209,-2.38834,1.76914,-3.42419,2.33709,-4.57457,2.47639
0.480674,0.242474,,,-2.76999,-7.56348,-2.31055,-2.63092,0.480674,0.242474,0.0339565,0.840233,-2.36237,1.83274,-3.41205,2.4047,-4.57023,2.54495
0.52846,0.29183,,,-2.7673,-7.49485,-2.24724,-2.60424,0.52846,0.29183,0.0722672,0.897258,-2.33641,1.89634,-3.39991,2.47232,-4.5659,2.61351
0.576245,0.341186,,,-2.75939,-7.42662,-2.18394,-2.57756,0.576245,0.341186,0.110578,0.954282,-2.31044,1.95995,-3.38777,2.53994,-4.56156,2.68207
0.624031,0.390542,,,-2.74629,-7.3592,-2.12064,-2.55087,0.624031,0.390542,0.148889,1.01131,-2.28448,2.02355,-3.37563,2.60755,-4.55723,2.75063
0.671816,0.439898,,,-2.72809,-7.29297,-2.05733,-2.52419,0.671816,0.439898,0.187199,1.06833,-2.25852,2.08715,-3.36348,2.67517,-4.55289,2.81919
0.719602,0.489254,,,-2.7049,-7.22833,-1.99403,-2.49751,0.719602,0.489254,0.22551,1.12535,-2.23255,2.15076,-3.35134,2.74279,-4.54855,2.88776
0.767387,0.53861,,,-2.67684,-7.16564,-1.93072,-2.47082,0.767387,0.53861,0.263821,1.18238,-2.20659,2.21436,-3.3392,2.8104,-4.54422,2.95632
0.815173,0.587966,,,-2.64409,-7.10527,-1.86742,-2.44414,0.815173,0.587966,0.302131,1.2394,-2.18062,2.27796,-3.32706,2.87802,-4.56981,3.01905
0.862958,0.637322,,,-2.64188,-7.03771,-1.80411,-2.41745,0.862958,0.637322,0.340442,1.29643,-2.15466,2.34156,-3.31492,2.94564,-4.59982,3.08085
0.910744,0.686678,,,-2.64375,-6.96904,-1.74081,-2.39077,0.910744,0.686678,0.378753,1.35345,-2.1287,2.40517,-3.30278,3.01326,-4.62983,3.14264
0.958529,0.736034,,,-2.64491,-6.90035,-1.6775,-2.36409,0.958529,0.736034,0.417064,1.41048,-2.10273,2.46877,-3.29064,3.08087,-4.65984,3.20444
1.00631,0.78539,,,-2.64537,-6.83166,-1.6142,-2.3374,1.00631,0.78539,0.455374,1.4675,-2.07677,2.53237,-3.2785,3.14849,-4.68985,3.26624
1.0541,0.834747,,,-2.64511,-6.76296,-1.5509,-2.31072,1.0541,0.834747,0.493685,1.52452,-2.0508,2.59598,-3.26636,3.21611,-4.71986,3.32804
1.10189,0.884103,,,-2.64415,-6.69427,-1.48759,-2.28403,1.10189,0.884103,0.531996,1.58155,-2.02484,2.65958,-3.25422,3.28372,-4.74987,3.38983
1.14967,0.933459,,,-2.64248,-6.62559,-1.42429,-2.25735,1.14967,0.933459,0.570306,1.63857,-1.99888,2.72318,-3.24207,3.35134,-4.77987,3.45163
1.19746,0.982815,,,-2.6401,-6.55693,-1.36098,-2.23067,1.19746,0.982815,0.608617,1.6956,-1.97291,2.78679,-3.22993,3.41896,-4.80988,3.51343
1.24524,1.03217,,,-2.66106,-6.50176,-1.29768,-2.20398,1.24524,1.03217,0.646928,1.75262,-1.94695,2.85039,-3.21779,3.48658,-4.83989,3.57522
1.29303,1.08153,,,-2.72158,-6.46924,-1.23437,-2.1773,1.29303,1.08153,0.685239,1.80965,-1.92098,2.91399,-3.20565,3.55419,-4.86894,3.63747
1.34081,1.13088,,,-2.78211,-6.43675,-1.17107,-2.15062,1.34081,1.13088,0.723549,1.86667,-1.89502,2.97759,-3.19351,3.62181,-4.89341,3.70164
1.3886,1.18024,,,-2.84263,-6.40426,-1.10776,-2.12393,1.3886,1.18024,0.76186,1.92369,-1.86906,3.0412,-3.18137,3.68943,-4.91292,3.7675
1.43638,1.2296,,,-2.90316,-6.37177,-1.04446,-2.09725,1.43638,1.2296,0.800171,1.98072,-1.84309,3.1048,-3.16923,3.75704,-4.92734,3.83465
1.48417,1.27895,,,-2.96369,-6.33927,-0.981156,-2.07056,1.48417,1.27895,0.838481,2.03774,-1.81713,3.1684,-3.15709,3.82466,-4.93661,3.9027
1.53196,1.32831,,,-3.02422,-6.30678,-0.917851,-2.04388,1.53196,1.32831,0.876792,2.09477,-1.79116,3.23201,-3.14495,3.89228,-4.94065,3.97126
1.57974,1.37766,,,-3.08475,-6.27429,-0.854547,-2.0172,1.57974,1.37766,0.915103,2.15179,-1.7652,3.29561,-3.13281,3.9599,-4.93946,4.03993
1.62753,1.42702,,,-3.14528,-6.2418,-0.791242,-1.99051,1.62753,1.42702,0.953413,2.20882,-1.73923,3.35921,-3.12066,4.02751,-4.93409,4.10842
1.67531,1.47638,,,-3.20581,-6.2093,-0.727938,-1.96383,1.67531,1.47638,0.991724,2.26584,-1.71327,3.42282,-3.10852,4.09513,-4.92845,4.17688
1.7231,1.52573,,,-3.26633,-6.17681,-0.664633,-1.93715,1.7231,1.52573,1.03003,2.32286,-1.68731,3.48642,-3.09638,4.16275,-4.92281,4.24535
1.77088,1.57509,,,-3.32516,-6.14135,-0.601329,-1.91046,1.77088,1.57509,1.06835,2.37989,-1.66134,3.55002,-3.08424,4.23036,-4.91716,4.31382
1.81867,1.62444,,,-3.38111,-6.10152,-0.538025,-1.88378,1.81867,1.62444,1.10666,2.43691,-1.63538,3.61362,-3.0721,4.29798,-4.91152,4.38228
1.86645,1.6738,,,-3.43386,-6.05754,-0.47472,-1.85709,1.86645,1.6738,1.14497,2.49394,-1.60941,3.67723,-3.05996,4.3656,-4.90587,4.45075
1.91424,1.72316,,,-3.48311,-6.00967,-0.411416,-1.83041,1.91424,1.72316,1.18328,2.55096,-1.58345,3.74083,-3.04782,4.43322,-4.90023,4.51922
1.96202,1.77251,,,-3.52856,-5.95818,-0.348111,-1.80373,1.96202,1.77251,1.22159,2.60799,-1.55749,3.80443,-3.03568,4.50083,-4.89459,4.58768
2.00981,1.82187,,,-3.56995,-5.90337,-0.284807,-1.77704,2.00981,1.82187,1.2599,2.66501,-1.53152,3.86804,-3.02354,4.56845,-4.88894,4.65615
2.0576,1.87122,,,-3.60705,-5.84557,-0.221502,-1.75036,2.0576,1.87122,1.29821,2.72203,-1.50556,3.93164,-3.0114,4.63607,-4.8833,4.72461
2.10538,1.92058,,,-3.63963,-5.78511,-0.158198,-1.72368,2.10538,1.92058,1.33652,2.77906,-1.47959,3.99524,-2.99926,4.70368,-4.87765,4.79308
2.15317,1.96994,,,-3.6675,-5.72233,-0.0948936,-1.69699,2.15317,1.96994,1.37483,2.83608,-1.45363,4.05885,-2.98711,4.7713,-4.87201,4.86155
2.20095,2.01929,,,-3.6905,-5.65762,-0.0315891,-1.67031,2.20095,2.01929,1.41314,2.89311,-1.42767,4.12245,-2.97497,4.83892,-4.86637,4.93001
2.24874,2.06865,,,-3.7085,-5.59134,0.0317153,-1.64362,2.24874,2.06865,1.45145,2.95013,-1.4017,4.18605,-2.96283,4.90653,-4.86072,4.99848
2.29652,2.118,,,-3.7214,-5.52388,0.0950197,-1.61694,2.29652,2.118,1.48976,3.00715,-1.37574,4.24965,-2.95069,4.97415,-4.85508,5.06694
2.34431,2.16736,,,-3.72911,-5.45563,0.158324,-1.59026,2.34431,2.16736,1.52807,3.06418,-1.34977,4.31326,-2.93855,5.04177,-4.84943,5.13541
2.39209,2.21672,,,-3.7316,-5.387,0.221629,-1.56357,2.39209,2.21672,1.56638,3.1212,-1.32381,4.37686,-2.92641,5.10939,-4.84379,5.20388
2.43988,2.26607,,,-3.72884,-5.31837,0.284933,-1.53689,2.43988,2.26607,1.6047,3.17823,-1.29784,4.44046,-2.91427,5.177,-4.83815,5.27234
2.48767,2.31543,,,-3.72086,-5.25015,0.348237,-1.5102,2.48767,2.31543,1.64301,3.23525,-1.27188,4.50407,-2.90213,5.24462,-4.8325,5.34081
2.53545,2.36478,,,-3.7077,-5.18274,0.411542,-1.48352,2.53545,2.36478,1.68132,3.29228,-1.24592,4.56767,-2.88999,5.31224,-4.82686,5.40928
2.58324,2.41414,,,-3.68944,-5.11654,0.474846,-1.45684,2.58324,2.41414,1.70898,3.35494,-1.21995,4.63127,-2.87785,5.37985,-4.82122,5.47774
2.63102,2.4635,,,-3.66618,-5.05191,0.538151,-1.43015,2.63102,2.4635,1.72961,3.42041,-1.19399,4.69488,-2.93058,5.42389,-4.81557,5.54621
2.67881,2.51285,,,-3.63807,-4.98925,0.601455,-1.40347,2.67881,2.51285,1.67174,3.43474,-1.16802,4.75848,-2.99926,5.42521,-4.80993,5.61467
2.72659,2.56221,,,-3.60525,-4.92891,0.66476,-1.37679,2.72659,2.56221,1.60332,3.44088,-1.14206,4.82208,-3.06796,5.42581,-4.80428,5.68314
2.77438,2.61157,,,-3.56793,-4.87126,0.728064,-1.3501,2.77438,2.61157,1.53484,3.44632,-1.1161,4.88568,-3.13665,5.42571,-4.79864,5.75161
2.82216,2.66092,,,-3.52632,-4.81661,0.791369,-1.32342,2.82216,2.66092,1.4663,3.45105,-1.09013,4.94929,-3.20535,5.42491,-4.793,5.82007
2.86995,2.71028,,,-3.48067,-4.7653,0.854673,-1.29673,2.86995,2.71028,1.39772,3.45508,-1.06417,5.01289,-3.27403,5.42339,-4.78735,5.88854
2.91773,2.75963,,,-3.43124,-4.71762,0.917977,-1.27005,2.91773,2.75963,1.32911,3.4584,-1.0382,5.07649,-3.28217,5.36286,-4.78171,5.95701
2.96552,2.80899,,,-3.37831,-4.67385,0.981282,-1.24337,2.96552,2.80899,1.26046,3.46101,-1.01224,5.1401,-3.28125,5.29417,-4.77606,6.02547
3.01331,2.85835,,,-3.3222,-4.63424,1.04459,-1.21668,3.01331,2.85835,1.19179,3.46292,-0.986275,5.2037,-3.28096,5.22548,-4.77042,6.09394
3.06109,2.9077,,,-3.26324,-4.59902,1.10789,-1.19,3.06109,2.9077,1.1231,3.46412,-0.960311,5.2673,-3.28109,5.15678,-4.76478,6.1624
3.10888,2.95706,,,-3.20176,-4.56841,1.1712,-1.16332,3.10888,2.95706,1.0544,3.46461,-0.934347,5.33091,-3.28059,5.08808,-4.75913,6.23087
3.15666,3.00641,,,-3.13812,-4.54257,1.2345,-1.13663,3.15666,3.00641,0.985703,3.46439,-0.908383,5.39451,-3.27938,5.01939,-4.75349,6.29934
3.20445,3.05577,,,-3.0727,-4.52166,1.2978,-1.10995,3.20445,3.05577,0.917011,3.46346,-0.882419,5.45811,-3.27747,4.95072,-4.74784,6.3678
3.25223,3.10513,,,-3.00587,-4.5058,1.36111,-1.08326,3.25223,3.10513,0.848333,3.46183,-0.856455,5.52171,-3.27484,4.88207,-4.7422,6.43627
3.30002,3.15448,,,-2.93864,-4.49171,1.42441,-1.05658,3.30002,3.15448,0.779674,3.45948,-0.830491,5.58532,-3.27151,4.81346,-4.73656,6.50474
3.3478,3.20384,,,-2.87139,-4.47764,1.43137,-1.12892,3.3478,3.20384,0.711044,3.45644,-0.804527,5.64892,-3.26747,4.74488,-4.73091,6.5732
3.39559,3.25319,,,-2.80415,-4.46356,1.40755,-1.19336,3.39559,3.25319,0.642449,3.45268,-0.778563,5.71252,-3.26273,4.67634,-4.72541,6.64168
3.44338,3.30255,,,-2.73691,-4.44949,1.38374,-1.2578,3.44338,3.30255,0.573896,3.44822,-0.752598,5.77613,-3.25836,4.72818,-4.72058,6.71021
3.49116,3.35191,,,-2.66967,-4.43542,1.35992,-1.32224,3.49116,3.35191,0.505392,3.44305,-0.726634,5.83973,-3.25437,4.79676,-4.71645,6.77878
3.47191,3.41278,,,-2.60243,-4.42134,1.33611,-1.38667,3.47191,3.41278,0.436946,3.43717,-0.70067,5.90333,-3.25038,4.86535,-4.71304,6.84739
3.44309,3.47514,,,-2.5569,-4.47279,1.31229,-1.45111,3.44309,3.47514,0.36855,3.43074,-0.674706,5.96694,-3.24639,4.93393,-4.71032,6.91604
3.41426,3.5375,,,-2.55362,-4.54141,1.28848,-1.51555,3.41426,3.5375,0.300157,3.42426,-0.648742,6.03054,-3.24239,5.00251,-4.70832,6.98471
3.38544,3.59986,,,-2.55104,-4.61006,1.26466,-1.57999,3.38544,3.59986,0.231764,3.41779,-0.622778,6.09414,-3.2384,5.07109,-4.70702,7.05339
3.35661,3.66222,,,-2.54917,-4.67873,1.24085,-1.64443,3.35661,3.66222,0.163371,3.41131,-0.596814,6.15774,-3.23441,5.13967,-4.70643,7.12209
3.32779,3.72458,,,-2.54801,-4.74742,1.21703,-1.70887,3.32779,3.72458,0.0949788,3.40484,-0.57085,6.22135,-3.23041,5.20826,-4.70655,7.19079
3.29896,3.78693,,,-2.54756,-4.81612,1.19422,-1.77366,3.29896,3.78693,0.0265861,3.39837,-0.544886,6.28495,-3.22642,5.27684,-4.70709,7.25948
3.27014,3.84929,,,-2.54782,-4.88482,1.17615,-1.83992,3.27014,3.84929,-0.0418067,3.39189,-0.518921,6.34855,-3.22243,5.34542,-4.707,7.32818
3.24131,3.91165,,,-2.54878,-4.95351,1.16318,-1.90736,3.24131,3.91165,-0.110199,3.38542,-0.492957,6.41216,-3.21844,5.414,-4.70712,7.39688
3.21249,3.97401,,,-2.55045,-5.02219,1.1554,-1.9756,3.21249,3.97401,-0.178592,3.37894,-0.466993,6.47576,-3.19004,5.45826,-4.70766,7.46558
3.18463,4.0368,,,-2.57548,-5.0756,1.15284,-2.04424,3.18463,4.0368,-0.246985,3.37247,-0.441029,6.53936,-3.12141,5.46145,-4.70757,7.53427
3.16139,4.10143,,,-2.6383,-5.1034,1.15553,-2.11287,3.16139,4.10143,-0.315459,3.36705,-0.415065,6.60297,-3.05276,5.46391,-4.70769,7.60297
3.14315,4.16764,,,-2.70114,-5.13117,1.16344,-2.18109,3.14315,4.16764,-0.384139,3.3666,-0.389101,6.66657,-2.98411,5.46658,-4.70823,7.67167
3.13001,4.23505,,,-2.76397,-5.15895,1.17653,-2.24851,3.13001,4.23505,-0.452654,3.37139,-0.363137,6.73017,-2.91548,5.46968,-4.70814,7.74037
3.12204,4.30327,,,-2.82681,-5.18672,1.19472,-2.31474,3.12204,4.30327,-0.520604,3.38138,-0.337173,6.79377,-2.84683,5.47213,-4.70826,7.80906
3.1193,4.3719,,,-2.88964,-5.2145,1.21791,-2.37939,3.1193,4.3719,-0.587594,3.39653,-0.311209,6.85738,-2.77815,5.47389,-4.7088,7.87776
3.12181,4.44053,,,-2.95247,-5.24227,1.24596,-2.44208,3.12181,4.44053,-0.653233,3.41675,-0.285244,6.92098,-2.70946,5.47493,-4.70871,7.94646
3.12954,4.50878,,,-3.01531,-5.27004,1.27872,-2.50245,3.12954,4.50878,-0.71714,3.44191,-0.25928,6.98458,-2.64077,5.47526,-4.70883,8.01516
3.14245,4.57624,,,-3.07814,-5.29782,1.31598,-2.56015,3.14245,4.57624,-0.778943,3.47187,-0.233316,7.04819,-2.57207,5.47489,-4.70937,8.08385
3.16046,4.64251,,,-3.14097,-5.32559,1.35753,-2.61483,3.16046,4.64251,-0.83828,3.50645,-0.207352,7.11179,-2.52674,5.44849,-4.70928,8.15255
3.18348,4.70722,,,-3.20381,-5.35337,1.40313,-2.66619,3.18348,4.70722,-0.894808,3.54546,-0.181388,7.17539,-2.52089,5.38004,-4.7094,8.22125
3.21137,4.76999,,,-3.26517,-5.38423,1.45251,-2.71392,3.21137,4.76999,-0.948196,3.58867,-0.155424,7.239,-2.51577,5.31153,-4.70995,8.28994
3.24396,4.83044,,,-3.324,-5.41967,1.50539,-2.75775,3.24396,4.83044,-0.998133,3.63582,-0.12946,7.3026,-2.51135,5.24298,-4.70985,8.35864
3.26651,4.89278,,,-3.37996,-5.45949,1.56146,-2.79742,3.26651,4.89278,-1.04433,3.68665,-0.103496,7.3662,-2.50718,5.17441,-4.70997,8.42734
3.26583,4.96148,,,-3.43272,-5.50346,1.62039,-2.83269,3.26583,4.96148,-1.09114,3.73692,-0.0775316,7.4298,-2.50301,5.10583,-4.71052,8.49604
3.26534,5.03017,,,-3.48197,-5.55133,1.68184,-2.86337,3.26534,5.03017,-1.14834,3.76504,-0.0515675,7.49341,-2.49885,5.03726,-4.71042,8.56474
3.26555,5.09887,,,-3.52743,-5.60281,1.74545,-2.88928,3.26555,5.09887,-1.21696,3.76187,-0.0256034,7.55701,-2.49468,4.96869,-4.71055,8.63343
3.26555,5.16757,,,-3.56883,-5.65761,1.81085,-2.91025,3.26555,5.16757,-1.28559,3.75866,0.000360746,7.62061,-2.49051,4.90012,-4.71109,8.70213
3.26484,5.23626,,,-3.60593,-5.71541,1.87766,-2.92618,3.26484,5.23626,-1.35421,3.75546,0.0263249,7.68422,-2.48634,4.83155,-4.71099,8.77083
3.26434,5.30496,,,-3.63851,-5.77587,1.94549,-2.93697,3.26434,5.30496,-1.42284,3.75225,0.052289,7.74782,-2.48217,4.76298,-4.71112,8.83953
3.26455,5.37366,,,-3.66639,-5.83864,2.01394,-2.94256,3.26455,5.37366,-1.49146,3.74905,0.0782531,7.81142,-2.478,4.6944,-4.71166,8.90822
3.26455,5.44236,,,-3.6894,-5.90335,2.08262,-2.9429,3.26455,5.44236,-1.56008,3.74584,0.104217,7.87503,-2.47384,4.62583,-4.71249,8.97691
3.26413,5.51105,,,-3.70741,-5.96963,2.15113,-2.93801,3.26413,5.51105,-1.62871,3.74264,0.130181,7.93863,-2.46967,4.55726,-4.71402,9.0456
3.26434,5.57975,,,-3.72032,-6.03709,2.21906,-2.92791,3.26434,5.57975,-1.69733,3.73943,0.156145,8.00223,-2.46209,4.489,-4.71626,9.11426
3.26433,5.64845,,,-3.72804,-6.10533,2.28603,-2.91266,3.26433,5.64845,-1.76595,3.73623,0.18211,8.06583,-2.44935,4.42151,-4.71921,9.18289
3.26391,5.71715,,,-3.73053,-6.17397,2.35164,-2.89235,3.26391,5.71715,-1.83458,3.73302,0.208074,8.12944,-2.43149,4.35519,-4.72287,9.25149
3.26412,5.78584,,,-3.72779,-6.2426,2.41551,-2.86709,3.26412,5.78584,-1.90326,3.73324,0.234038,8.19304,-2.40863,4.29042,-4.78358,9.26292
3.26412,5.85454,,,-3.71981,-6.31081,2.4787,-2.84014,3.26412,5.85454,-1.97173,3.73868,0.260002,8.25664,-2.3809,4.22759,-4.85223,9.26547
3.26369,5.92324,,,-3.70666,-6.37823,2.54188,-2.81318,3.26369,5.92324,-2.03958,3.74932,0.285966,8.32025,-2.34846,4.16705,-4.92091,9.26731
3.26391,5.99194,,,-3.68841,-6.44444,2.60507,-2.78622,3.26391,5.99194,-2.10642,3.76511,0.31193,8.38385,-2.31149,4.10917,-4.98959,9.26844
3.2639,6.06063,,,-3.66516,-6.50906,2.66826,-2.75926,3.2639,6.06063,-2.17186,3.78595,0.337894,8.44745,-2.27022,4.05427,-5.05829,9.26886
3.26348,6.12933,,,-3.63705,-6.57173,2.73144,-2.7323,3.26348,6.12933,-2.23553,3.81172,0.363858,8.51106,-2.22488,4.00268,-5.06814,9.20859
3.26369,6.19803,,,-3.60425,-6.63207,2.79463,-2.70533,3.26369,6.19803,-2.29704,3.84227,0.389822,8.57466,-2.17574,3.9547,-5.06887,9.1399
3.26368,6.26673,,,-3.56693,-6.68973,2.85782,-2.67837,3.26368,6.26673,-2.35605,3.87742,0.415786,8.63826,-2.12309,3.9106,-5.06889,9.0712
3.26326,6.33542,,,-3.52533,-6.74438,2.921,-2.65141,3.26326,6.33542,-2.4122,3.91696,0.441751,8.70186,-2.06722,3.87065,-5.06821,9.00251
3.26347,6.40412,,,-3.47969,-6.7957,2.98419,-2.62445,3.26347,6.40412,-2.46517,3.96068,0.467715,8.76547,-2.00847,3.83507,-5.06774,8.93381
3.26347,6.47282,,,-3.43026,-6.84339,3.04738,-2.59749,3.26347,6.47282,-2.51466,4.00831,0.493679,8.82907,-1.94718,3.80408,-5.06798,8.86511
3.26305,6.54152,,,-3.37734,-6.88716,3.11056,-2.57053,3.26305,6.54152,-2.56037,4.05957,0.519643,8.89267,-1.8837,3.77785,-5.06799,8.79641
3.26326,6.61022,,,-3.32124,-6.92678,3.17375,-2.54357,3.26326,6.61022,-2.60203,4.11417,0.545607,8.95628,-1.81841,3.75654,-5.06731,8.72772
3.26325,6.67891,,,-3.26227,-6.962,3.23694,-2.5166,3.26325,6.67891,-2.63942,4.17178,0.571571,9.01988,-1.75169,3.74027,-5.06684,8.65902
3.26283,6.74761,,,-3.2008,-6.99263,3.30012,-2.48964,3.26283,6.74761,-2.6723,4.23208,0.597535,9.08348,-1.68391,3.72914,-5.06708,8.59032
3.26304,6.81631,,,-3.13716,-7.01847,3.36331,-2.46268,3.26304,6.81631,-2.70048,4.29471,0.623499,9.14709,-1.61549,3.7232,-5.0671,8.52163
3.26304,6.88501,,,-3.07175,-7.03939,3.4265,-2.43572,3.26304,6.88501,-2.72381,4.35931,0.649463,9.21069,-1.54681,3.7225,-5.06641,8.45293
3.26261,6.9537,,,-3.00492,-7.05526,3.48969,-2.40876,3.26261,6.9537,-2.74214,4.4255,0.675428,9.27429,-1.47828,3.72705,-5.06594,8.38423
3.26282,7.0224,,,-2.93708,-7.06599,3.55287,-2.3818,3.26282,7.0224,-2.75538,4.4929,0.631415,9.31813,-1.41029,3.7368,-5.06618,8.31554
3.26282,7.0911,,,-2.86863,-7.07151,3.61606,-2.35484,3.26282,7.0911,-2.76343,4.5611,0.56283,9.32207,-1.34325,3.75171,-5.0662,8.24684
3.2624,7.1598,,,-2.79994,-7.0718,3.67925,-2.32787,3.2624,7.1598,-2.76626,4.62973,0.494207,9.32529,-1.27754,3.77169,-5.06551,8.17814
3.26261,7.22849,,,-2.73144,-7.06684,3.74243,-2.30091,3.26261,7.22849,-2.76385,4.69837,0.425556,9.32781,-1.21354,3.79662,-5.06504,8.10945
3.2626,7.29719,,,-2.66352,-7.05668,3.80562,-2.27395,3.2626,7.29719,-2.75621,4.76662,0.356881,9.32963,-1.15163,3.82636,-5.06528,8.04075
3.26236,7.36589,,,-2.59632,-7.0424,3.86881,-2.24699,3.26236,7.36589,-2.74339,4.83409,0.288192,9.33073,-1.09217,3.86073,-5.0653,7.97205
3.26211,7.43459,,,-2.52918,-7.02786,3.93199,-2.22003,3.26211,7.43459,-2.72546,4.90039,0.219495,9.33113,-1.03142,3.89264,-5.06461,7.90336
3.26186,7.50329,,,-2.5167,-6.96592,3.99518,-2.19307,3.26186,7.50329,-2.70253,4.96513,0.150798,9.33082,-0.967884,3.91864,-5.06415,7.83466
3.26161,7.57198,,,-2.51276,-6.89733,4.05837,-2.16611,3.26161,7.57198,-2.67473,5.02794,0.0821033,9.33009,-0.901135,3.93442,-5.06438,7.76596
3.26136,7.64068,,,-2.50952,-6.82871,4.12155,-2.13915,3.26136,7.64068,-2.64221,5.08844,0.0134053,9.32999,-0.832671,3.93856,-5.0644,7.69726
3.26111,7.70938,,,-2.50698,-6.76006,4.18474,-2.11218,3.26111,7.70938,-2.60518,5.14628,-0.0552923,9.33031,-0.770058,3.91893,-5.06372,7.62857
3.26086,7.77808,,,-2.50516,-6.69139,4.24793,-2.08522,3.26086,7.77808,-2.56662,5.20314,-0.12399,9.33,-0.717454,3.87474,-5.06325,7.55987
3.26061,7.84678,,,-2.50404,-6.6227,4.31111,-2.05826,3.26061,7.84678,-2.53748,5.14397,-0.192684,9.32927,-0.664869,3.83054,-5.06348,7.49118
3.26036,7.91547,,,-2.50364,-6.554,4.3743,-2.0313,3.26036,7.91547,-2.53405,5.07536,-0.261382,9.32918,-0.612285,3.78633,-5.0635,7.42248
3.26011,7.98417,,,-2.52793,-6.5019,4.43749,-2.00434,3.26011,7.98417,-2.53062,5.00675,-0.33008,9.3295,-0.5597,3.74212,-5.06282,7.35378
3.26328,8.05278,,,-2.5922,-6.47763,4.50067,-1.97738,3.26328,8.05278,-2.52719,4.93814,-0.398777,9.32919,-0.507115,3.69791,-5.06235,7.28509
3.27166,8.12095,,,-2.65648,-6.45339,4.56386,-1.95042,3.27166,8.12095,-2.52376,4.86952,-0.467471,9.32846,-0.45453,3.65371,-5.06258,7.21639
3.28522,8.18828,,,-2.72076,-6.42915,4.62705,-1.92345,3.28522,8.18828,-2.52032,4.80091,-0.53617,9.32836,-0.401945,3.6095,-5.0626,7.14769
3.30387,8.25438,,,-2.78504,-6.40491,4.69023,-1.89649,3.30387,8.25438,-2.51689,4.7323,-0.604867,9.32868,-0.34936,3.56529,-5.06192,7.079
3.3275,8.31887,,,-2.84932,-6.38067,4.75342,-1.86953,3.3275,8.31887,-2.51346,4.66368,-0.673565,9.32837,-0.296775,3.52108,-5.06145,7.0103
3.35599,8.38136,,,-2.9136,-6.35643,4.81661,-1.84257,3.35599,8.38136,-2.51003,4.59507,-0.742259,9.32764,-0.244191,3.47688,-5.06169,6.9416
3.38916,8.44151,,,-2.97788,-6.33219,4.87979,-1.81561,3.38916,8.44151,-2.5066,4.52646,-0.810957,9.32754,-0.189483,3.43535,-5.06171,6.8729
3.42681,8.49894,,,-3.04216,-6.30795,4.94298,-1.78865,3.42681,8.49894,-2.50211,4.45792,-0.879654,9.32787,-0.131776,3.39811,-5.06102,6.80421
3.46874,8.55334,,,-3.10644,-6.28371,5.00617,-1.76169,3.46874,8.55334,-2.49268,4.38989,-0.948352,9.32756,-0.0713966,3.36538,-5.06055,6.73551
3.51469,8.60439,,,-3.17072,-6.25947,5.06935,-1.73472,3.51469,8.60439,-2.47808,4.32277,-1.01705,9.32682,-0.00869701,3.33734,-5.06079,6.66681
3.562,8.6542,,,-3.2337,-6.23207,5.13254,-1.70776,3.562,8.6542,-2.45842,4.25697,-1.08574,9.32673,0.0559578,3.31417,-5.06081,6.59812
3.60931,8.70401,,,-3.29441,-6.19996,5.19573,-1.6808,3.60931,8.70401,-2.43379,4.19285,,,0.122191,3.296,-5.06012,6.52942
3.65662,8.75382,,,-3.3525,-6.1633,5.25891,-1.65384,3.65662,8.75382,-2.40434,4.1308,,,0.189618,3.28293,-5.05965,6.46072
3.70393,8.80363,,,-3.40762,-6.12233,5.3221,-1.62688,3.70393,8.80363,-2.37025,4.07118,,,0.257845,3.27504,-5.05989,6.39203
3.75125,8.85344,,,-3.45945,-6.07727,5.38529,-1.59992,3.75125,8.85344,-2.33171,4.01433,,,0.326474,3.27237,-5.05991,6.32333
3.79856,8.90325,,,-3.5077,-6.0284,5.44847,-1.57296,3.79856,8.90325,-2.28895,3.96059,,,0.395107,3.27495,-5.05922,6.25463
3.84587,8.95306,,,-3.55208,-5.97598,5.42663,-1.62225,3.84587,8.95306,-2.24222,3.91026,,,0.463344,3.28276,-5.05876,6.18594
3.89318,9.00287,,,-3.59234,-5.92033,5.39272,-1.68199,3.89318,9.00287,-2.19178,3.86364,,,0.531019,3.29456,-5.05899,6.11724
3.9405,9.05268,,,-3.62823,-5.86178,5.35881,-1.74174,3.9405,9.05268,-2.13793,3.82101,,,0.598762,3.30597,-5.05901,6.04854
3.98781,9.10249,,,-3.65956,-5.80065,5.3249,-1.80149,3.98781,9.10249,-2.08099,3.7826,,,0.66662,3.31668,-5.05833,5.97985
4.03512,9.1523,,,-3.68613,-5.73732,5.29099,-1.86123,4.03512,9.1523,-2.02129,3.74865,,,0.734584,3.3267,-5.05786,5.91115
4.08243,9.20211,,,-3.70779,-5.67215,5.25709,-1.92098,4.08243,9.20211,-1.95917,3.71935,,,0.802648,3.33601,-5.05809,5.84245
4.12974,9.25192,,,-3.72443,-5.60551,5.22318,-1.98073,4.12974,9.25192,-1.895,3.69487,,,0.870804,3.34462,-5.05811,5.77375
4.19578,9.26041,,,-3.73593,-5.5378,5.18927,-2.04047,4.19578,9.26041,-1.82915,3.67536,,,0.939046,3.35253,-5.05743,5.70506
4.26445,9.26251,,,-3.74223,-5.46941,5.15536,-2.10022,4.26445,9.26251,-1.762,3.66093,,,1.00737,3.35974,-5.05696,5.63636
4.33309,9.26525,,,-3.7433,-5.40073,5.12145,-2.15996,4.33309,9.26525,-1.69395,3.65165,,,1.07575,3.36624,-5.05719,5.56767
4.40172,9.2684,,,-3.73913,-5.33218,5.08847,-2.22022,4.40172,9.2684,-1.62539,3.6476,,,1.14421,3.37203,-5.05721,5.49897
4.47037,9.27092,,,-3.72975,-5.26414,5.05994,-2.28269,4.47037,9.27092,-1.55671,3.64878,,,1.21272,3.37712,-5.05653,5.43027
4.53902,9.27366,,,-3.7152,-5.19702,5.03625,-2.34716,4.53902,9.27366,-1.48833,3.6552,,,1.28128,3.3815,-5.05606,5.36158
4.60764,9.27681,,,-3.69558,-5.1312,5.01755,-2.41325,4.60764,9.27681,-1.42046,3.66577,,,1.34988,3.38518,-5.0563,5.29288
4.67629,9.27933,,,-3.671,-5.06707,5.00394,-2.48057,4.67629,9.27933,-1.35262,3.67661,,,1.41851,3.38815,-5.05632,5.22418
4.74494,9.28207,,,-3.6416,-5.005,4.99551,-2.54873,4.74494,9.28207,-1.28478,3.68745,,,1.48717,3.39041,-5.05563,5.15549
4.81356,9.28522,,,-3.60755,-4.94535,4.9923,-2.61734,4.81356,9.28522,-1.21694,3.6983,,,1.55584,3.39243,-5.05516,5.08679
4.88221,9.28774,,,-3.56905,-4.88847,4.99433,-2.68599,4.88221,9.28774,-1.14911,3.70914,,,1.62451,3.39444,-5.0554,5.01809
4.95088,9.28984,,,-3.52632,-4.8347,5.00159,-2.75428,4.95088,9.28984,-1.08127,3.71998,,,1.69318,3.39646,-5.05542,4.94939
5.01952,9.29258,,,-3.47962,-4.78434,5.01403,-2.82183,5.01952,9.29258,-1.01343,3.73082,,,1.76185,3.39847,-5.05473,4.8807
5.08815,9.29573,,,-3.42921,-4.73769,5.03159,-2.88823,5.08815,9.29573,-0.948699,3.72466,,,1.83051,3.40049,-5.05426,4.812
5.1568,9.29825,,,-3.3754,-4.69502,5.05417,-2.95309,5.1568,9.29825,-0.889359,3.69005,,,1.89918,3.4025,-5.0545,4.7433
5.22547,9.30035,,,-3.31848,-4.65657,5.08162,-3.01605,5.22547,9.30035,-0.830034,3.65541,,,1.96785,3.40452,-5.05452,4.67461
5.29411,9.30309,,,-3.2588,-4.62258,5.11379,-3.07673,5.29411,9.30309,-0.770709,3.62076,,,2.03652,3.40653,-5.05383,4.60591
5.36274,9.30624,,,-3.19671,-4.59324,5.1505,-3.13478,5.36274,9.30624,-0.711384,3.58612,,,2.10519,3.40855,-5.05337,4.53721
5.43139,9.30876,,,-3.13255,-4.56872,5.19153,-3.18986,5.43139,9.30876,-0.652058,3.55148,,,2.17386,3.41056,-5.0536,4.46852
5.50006,9.31086,,,-3.06671,-4.54916,5.23664,-3.24165,5.50006,9.31086,-0.592733,3.51684,,,2.24233,3.41599,-5.05362,4.39982
5.5687,9.31359,,,-2.99958,-4.53468,5.28556,-3.28985,5.5687,9.31359,-0.533408,3.4822,,,2.31018,3.42661,-5.05294,4.33112
5.63733,9.31675,,,-2.93206,-4.52198,5.33802,-3.33418,5.63733,9.31675,-0.474083,3.44756,,,2.37703,3.44238,-5.05247,4.26243
5.70598,9.31927,,,-2.86454,-4.50929,5.39371,-3.37438,5.70598,9.31927,-0.414758,3.41292,,,2.44248,3.4632,-5.0527,4.19373
5.77464,9.32137,,,-2.79703,-4.49661,5.4523,-3.41022,5.77464,9.32137,-0.355433,3.37828,,,2.50615,3.48894,-5.05272,4.12503
5.84329,9.3241,,,-2.72951,-4.48393,5.51345,-3.44148,5.84329,9.3241,-0.294471,3.34664,,,2.56768,3.51947,-5.05204,4.05634
5.9119,9.32754,,,-2.66199,-4.47124,5.57681,-3.46799,5.9119,9.32754,-0.231281,3.31973,,,2.62669,3.5546,-5.05157,3.98764
5.98047,9.33169,,,-2.59448,-4.45856,5.64201,-3.48959,5.98047,9.33169,-0.166222,3.29772,,,2.68286,3.59413,-5.0518,3.91894
6.049,9.33654,,,-2.52696,-4.44587,5.70866,-3.50616,6.049,9.33654,-0.0996737,3.28073,,,2.73585,3.63783,-5.05182,3.85024
6.11747,9.3421,,,-2.51626,-4.50459,5.77639,-3.51759,6.11747,9.3421,-0.0320243,3.26887,,,2.78535,3.68544,-5.05114,3.78155
6.18588,9.34837,,,-2.5141,-4.57325,5.84478,-3.52383,6.18588,9.34837,0.0363327,3.2622,,,2.83107,3.73669,-5.05067,3.71285
6.25431,9.35442,,,-2.51131,-4.64189,5.91346,-3.52483,6.25431,9.35442,0.104999,3.26077,,,2.87276,3.79127,-5.05091,3.64416
6.32278,9.36005,,,-2.50811,-4.71052,5.98201,-3.5206,6.32278,9.36005,0.173575,3.26457,,,2.91016,3.84887,-5.05093,3.57546
6.39119,9.36631,,,-2.50553,-4.77917,6.05004,-3.51114,6.39119,9.36631,0.241661,3.2736,,,2.94306,3.90916,-5.05024,3.50676
6.45962,9.37236,,,-2.50366,-4.84784,6.11715,-3.49653,6.45962,9.37236,0.309572,3.28397,,,2.97127,3.97179,-5.04977,3.43807
6.52809,9.378,,,-2.5025,-4.91653,6.18295,-3.47685,6.52809,9.378,0.377584,3.29365,,,2.99462,4.03638,-5.05001,3.36937
6.5965,9.38426,,,-2.50205,-4.98522,6.24705,-3.4522,6.5965,9.38426,0.445692,3.30264,,,3.01297,4.10256,-5.05003,3.30067
6.66488,9.39095,,,-2.50231,-5.05392,6.3105,-3.42585,6.66488,9.39095,0.513889,3.31092,,,3.02623,4.16995,-5.04934,3.23198
6.73331,9.397,,,-2.55881,-5.08357,6.37394,-3.3995,6.73331,9.397,0.582168,3.3185,,,3.03769,4.23768,-5.04887,3.16328
6.80172,9.40327,,,-2.62319,-5.10752,6.43738,-3.37314,6.80172,9.40327,0.650521,3.32538,,,3.04915,4.30542,-5.04911,3.09458
6.87009,9.40995,,,-2.68758,-5.13147,6.50082,-3.34678,6.87009,9.40995,0.718941,3.33155,,,3.0606,4.37316,-5.04913,3.02588
6.93852,9.416,,,-2.75197,-5.15542,6.56426,-3.32042,6.93852,9.416,0.787422,3.33701,,,3.07205,4.4409,-5.05322,3.07771
7.00701,9.42135,,,-2.81636,-5.17937,6.6277,-3.29407,7.00701,9.42135,0.855955,3.34177,,,3.0835,4.50863,-5.0566,3.14633
7.07555,9.42599,,,-2.88075,-5.20331,6.69114,-3.26771,7.07555,9.42599,0.924533,3.34582,,,3.09496,4.57637,-5.05999,3.21494
7.14414,9.42993,,,-2.94514,-5.22726,6.75459,-3.24135,7.14414,9.42993,0.99315,3.34917,,,3.10641,4.64411,-5.06337,3.28356
7.21276,9.43316,,,-3.00953,-5.25121,6.81803,-3.21499,7.21276,9.43316,1.0618,3.35181,,,3.11786,4.71184,-5.06676,3.35217
7.28141,9.43568,,,-3.07392,-5.27516,6.88147,-3.18864,7.28141,9.43568,1.13046,3.35403,,,3.12932,4.77958,-5.07014,3.42079
7.35008,9.43778,,,-3.1383,-5.29911,6.94491,-3.16228,7.35008,9.43778,1.1991,3.35688,,,3.14077,4.84732,-5.07353,3.4894
7.41872,9.44051,,,-3.20231,-5.32405,7.00835,-3.13592,7.41872,9.44051,1.26775,3.35951,,,3.15222,4.91505,-5.07691,3.55802
7.48737,9.44303,,,-3.26433,-5.35355,7.07179,-3.10957,7.48737,9.44303,1.33641,3.36173,,,3.16368,4.98279,-5.0803,3.62663
7.55604,9.44513,,,-3.32393,-5.38768,7.13523,-3.08321,7.55604,9.44513,1.40505,3.36458,,,3.17513,5.05053,-5.08368,3.69525
7.62468,9.44786,,,-3.38075,-5.42627,7.19867,-3.05685,7.62468,9.44786,1.47369,3.36736,,,3.18658,5.11827,-5.08706,3.76386
7.69334,9.45038,,,-3.43446,-5.46907,7.26211,-3.03049,7.69334,9.45038,1.54233,3.37011,,,3.19804,5.186,-5.09045,3.83248
7.762,9.45248,,,-3.48475,-5.51585,7.32556,-3.00414,7.762,9.45248,1.61098,3.37285,,,3.20949,5.25374,-5.09383,3.90109
7.83065,9.45521,,,-3.53133,-5.56632,7.389,-2.97778,7.83065,9.45521,1.67962,3.3756,,,3.22094,5.32148,-5.09722,3.96971
7.8993,9.45773,,,-3.57392,-5.6202,7.45244,-2.95142,7.8993,9.45773,1.74826,3.37834,,,3.2324,5.38921,-5.1006,4.03832
7.96796,9.45983,,,-3.61228,-5.67717,7.51588,-2.92507,7.96796,9.45983,1.81691,3.38109,,,3.24385,5.45695,-5.10399,4.10694
8.03661,9.46256,,,-3.64618,-5.7369,7.57932,-2.89871,8.03661,9.46256,1.88555,3.38383,,,3.2553,5.52469,-5.10737,4.17555
8.10526,9.46508,,,-3.67543,-5.79905,7.64276,-2.87235,8.10526,9.46508,1.9542,3.38657,,,3.26675,5.59242,-5.11075,4.24417
8.17393,9.46718,,,-3.69986,-5.86324,7.7062,-2.84599,8.17393,9.46718,2.02284,3.38932,,,3.27821,5.66016,-5.11414,4.31278
8.2426,9.46899,,,-3.71932,-5.9291,7.76964,-2.81964,8.2426,9.46899,2.09148,3.39206,,,3.28952,5.72792,-5.11752,4.3814
8.31129,9.47009,,,-3.7337,-5.99626,7.83308,-2.79328,8.31129,9.47009,2.16007,3.39587,,,3.30017,5.79579,-5.12091,4.45001
8.37999,9.47049,,,-3.74292,-6.06432,7.89653,-2.76692,8.37999,9.47049,2.22819,3.40462,,,3.31012,5.86376,,
8.44868,9.47018,,,-3.74692,-6.13289,7.95997,-2.74056,8.44868,9.47018,2.29544,3.41854,,,3.31937,5.93184,,
9.05187,8.01053,,,-3.74568,-6.20156,8.02794,-2.73421,,,2.36144,3.43755,,,3.32791,6,,
9.09928,8.06024,,,-3.7392,-6.26993,8.09659,-2.73157,,,2.4258,3.46153,,,3.33576,6.06825,,
9.1467,8.10995,,,-3.72754,-6.33762,8.16525,-2.72935,,,2.48814,3.49036,,,3.3429,6.13658,,
9.19412,8.15966,,,-3.71074,-6.40421,8.23389,-2.7265,,,2.5481,3.52385,,,3.34933,6.20497,,
9.24153,8.20937,,,-3.68891,-6.46933,8.30254,-2.72387,,,2.60533,3.56182,,,3.35506,6.27343,,
,,,,-3.66219,-6.5326,8.3712,-2.72165,,,2.6595,3.60404,,,3.36009,6.34194,,
,,,,-3.63071,-6.59365,8.43984,-2.7188,,,2.7103,3.65027,,,3.36441,6.41051,,
,,,,-3.59467,-6.65211,8.50849,-2.71616,,,2.75742,3.70024,,,3.36802,6.47911,,
,,,,,,8.57715,-2.71394,,,2.80059,3.75365,,,3.37092,6.54775,,
,,,,,,8.64579,-2.71109,,,2.83956,3.81021,,,3.37312,6.61641,,
,,,,,,8.71443,-2.70846,,,2.87703,3.86779,,,3.37461,6.68509,,
,,,,,,8.7831,-2.70624,,,2.91449,3.92538,,,3.37539,6.75379,,
,,,,,,8.85174,-2.70339,,,2.95195,3.98296,,,3.37547,6.82248,,
,,,,,,8.92038,-2.70075,,,2.9894,4.04055,,,3.37483,6.89118,,
,,,,,,8.98905,-2.69882,,,3.02686,4.09814,,,3.37441,6.95988,,
,,,,,,9.05774,-2.6976,,,3.06432,4.15573,,,3.37441,7.02857,,
,,,,,,9.12644,-2.69708,,,3.10178,4.21332,,,3.37378,7.09727,,
,,,,,,9.19514,-2.69728,,,3.13923,4.2709,,,3.37336,7.16597,,
,,,,,,9.26383,-2.69818,,,3.17669,4.32849,,,3.37336,7.23466,,
,,,,,,9.30895,-2.72493,,,3.21415,4.38608,,,3.37273,7.30336,,
,,,,,,9.31428,-2.79342,,,3.25161,4.44367,,,3.37231,7.37206,,
,,,,,,9.31887,-2.86196,,,3.27672,4.50539,,,3.37231,7.44075,,
,,,,,,9.32276,-2.93055,,,3.28051,4.57399,,,3.37182,7.50945,,
,,,,,,,,,,3.28356,4.64262,,,3.37129,7.57815,,
,,,,,,,,,,3.28591,4.71127,,,3.37076,7.64684,,
,,,,,,,,,,3.28755,4.77995,,,3.37023,7.71554,,
,,,,,,,,,,3.28848,4.84864,,,3.36971,7.78424,,
,,,,,,,,,,3.2887,4.91734,,,3.36918,7.85293,,
,,,,,,,,,,3.28821,4.98604,,,3.36865,7.92163,,
,,,,,,,,,,3.28794,5.05474,,,3.36812,7.99033,,
,,,,,,,,,,3.28809,5.12343,,,3.36759,8.05902,,
,,,,,,,,,,3.2876,5.19213,,,3.36707,8.12772,,
,,,,,,,,,,3.28733,5.26083,,,3.3676,8.19641,,
,,,,,,,,,,3.28748,5.32953,,,3.3731,8.26487,,
,,,,,,,,,,3.28699,5.39822,,,3.3838,8.33271,,
,,,,,,,,,,3.28672,5.46692,,,3.3963,8.40026,,
,,,,,,,,,,3.28687,5.53562,,,3.40881,8.46781,,
,,,,,,,,,,3.28638,5.60432,,,3.42132,8.53536,,
,,,,,,,,,,3.28611,5.67301,,,3.43383,8.60291,,
,,,,,,,,,,3.28626,5.74171,,,3.44634,8.67046,,
,,,,,,,,,,3.28577,5.81041,,,3.45885,8.73801,,
,,,,,,,,,,3.2855,5.87911,,,3.47136,8.80556,,
,,,,,,,,,,3.28565,5.9478,,,3.48388,8.87311,,
,,,,,,,,,,3.28516,6.0165,,,3.49639,8.94066,,
,,,,,,,,,,3.28489,6.0852,,,3.5089,9.00821,,
,,,,,,,,,,3.28504,6.1539,,,3.52141,9.07576,,
,,,,,,,,,,3.28455,6.22259,,,3.53392,9.14331,,
,,,,,,,,,,3.28428,6.29129,,,3.54643,9.21086,,
,,,,,,,,,,3.28443,6.35999,,,3.49395,9.25518,,
,,,,,,,,,,3.28394,6.42868,,,3.42528,9.25716,,
,,,,,,,,,,3.28367,6.49738,,,3.35663,9.25977,,
,,,,,,,,,,3.28382,6.56608,,,3.28801,9.26309,,
,,,,,,,,,,3.28333,6.63478,,,3.21943,9.26712,,
,,,,,,,,,,3.28306,6.70347,,,3.15089,9.27185,,
,,,,,,,,,,3.28321,6.77217,,,3.08235,9.27637,,
,,,,,,,,,,3.28272,6.84087,,,3.01375,9.28018,,
,,,,,,,,,,3.28245,6.90957,,,2.94513,9.28329,,
,,,,,,,,,,3.2826,6.97826,,,2.87647,9.28569,,
,,,,,,,,,,3.28211,7.04696,,,2.80779,9.28738,,
,,,,,,,,,,3.28184,7.11566,,,2.7391,9.28836,,
,,,,,,,,,,3.28199,7.18436,,,2.6704,9.28864,,
,,,,,,,,,,3.2815,7.25305,,,2.60171,9.28821,,
,,,,,,,,,,3.28109,7.32175,,,2.53301,9.28799,,
,,,,,,,,,,3.28071,7.39045,,,2.46431,9.28819,,
,,,,,,,,,,3.28033,7.45914,,,2.39561,9.28776,,
,,,,,,,,,,3.27995,7.52784,,,2.32692,9.28754,,
,,,,,,,,,,3.27957,7.59654,,,2.25822,9.28775,,
,,,,,,,,,,3.27919,7.66524,,,2.18952,9.28731,,
,,,,,,,,,,3.27881,7.73393,,,2.12082,9.2871,,
,,,,,,,,,,3.27843,7.80263,,,2.05213,9.2873,,
,,,,,,,,,,3.27805,7.87133,,,1.98343,9.28687,,
,,,,,,,,,,3.27767,7.94003,,,1.91473,9.28665,,
,,,,,,,,,,3.27835,8.00871,,,1.84603,9.28686,,
,,,,,,,,,,3.28399,8.07716,,,1.77734,9.28642,,
,,,,,,,,,,3.29484,8.14498,,,1.70864,9.28621,,
,,,,,,,,,,3.31083,8.21178,,,1.63994,9.28641,,
,,,,,,,,,,3.33186,8.27716,,,1.57124,9.28598,,
,,,,,,,,,,3.35782,8.34074,,,1.50255,9.28576,,
,,,,,,,,,,3.38855,8.40217,,,1.43385,9.28596,,
,,,,,,,,,,3.42387,8.46107,,,1.36515,9.28553,,
,,,,,,,,,,3.46076,8.51902,,,1.29645,9.28532,,
,,,,,,,,,,3.49765,8.57697,,,1.22776,9.28552,,
,,,,,,,,,,3.53455,8.63492,,,1.15906,9.28509,,
,,,,,,,,,,3.57144,8.69287,,,1.09036,9.28487,,
,,,,,,,,,,3.60834,8.75082,,,1.02166,9.28507,,
,,,,,,,,,,3.64523,8.80877,,,0.952966,9.28464,,
,,,,,,,,,,3.68213,8.86672,,,0.884268,9.28443,,
,,,,,,,,,,3.71903,8.92467,,,0.81557,9.28463,,
,,,,,,,,,,3.75592,8.98262,,,0.746873,9.2842,,
,,,,,,,,,,3.79282,9.04057,,,0.678175,9.28398,,
,,,,,,,,,,3.82971,9.09852,,,0.609477,9.28418,,
,,,,,,,,,,3.86661,9.15647,,,0.540781,9.28375,,
,,,,,,,,,,3.9035,9.21442,,,0.472083,9.28353,,
,,,,,,,,,,,,,,0.403385,9.28374,,
,,,,,,,,,,,,,,0.334688,9.2833,,
,,,,,,,,,,,,,,0.26599,9.28309,,
,,,,,,,,,,,,,,0.197292,9.28329,,
,,,,,,,,,,,,,,0.128595,9.28286,,
,,,,,,,,,,,,,,0.0598977,9.28264,,
,,,,,,,,,,,,,,-0.00880031,9.28284,,
,,,,,,,,,,,,,,-0.0774971,9.28241,,
,,,,,,,,,,,,,,-0.146195,9.2822,,
,,,,,,,,,,,,,,-0.214893,9.2824,,
,,,,,,,,,,,,,,-0.28359,9.28197,,
,,,,,,,,,,,,,,-0.352287,9.28175,,
,,,,,,,,,,,,,,-0.420985,9.28195,,
,,,,,,,,,,,,,,-0.489682,9.28152,,
,,,,,,,,,,,,,,-0.55838,9.28131,,
,,,,,,,,,,,,,,-0.627078,9.28151,,
,,,,,,,,,,,,,,-0.695775,9.28108,,
,,,,,,,,,,,,,,-0.764473,9.28086,,
,,,,,,,,,,,,,,-0.833171,9.28106,,
,,,,,,,,,,,,,,-0.901867,9.28063,,
,,,,,,,,,,,,,,-0.970565,9.28041,,
,,,,,,,,,,,,,,-1.03926,9.28062,,
,,,,,,,,,,,,,,-1.10796,9.28018,,
,,,,,,,,,,,,,,-1.17666,9.27997,,
,,,,,,,,,,,,,,-1.24536,9.28017,,
,,,,,,,,,,,,,,-1.31405,9.27974,,
,,,,,,,,,,,,,,-1.38275,9.27952,,
,,,,,,,,,,,,,,-1.45145,9.27973,,
,,,,,,,,,,,,,,-1.52015,9.27929,,
,,,,,,,,,,,,,,-1.58884,9.27908,,
,,,,,,,,,,,,,,-1.65754,9.27928,,
,,,,,,,,,,,,,,-1.72624,9.27885,,
,,,,,,,,,,,,,,-1.79494,9.27863,,
,,,,,,,,,,,,,,-1.86363,9.27883,,
,,,,,,,,,,,,,,-1.93233,9.27869,,
,,,,,,,,,,,,,,-2.00103,9.27889,,
,,,,,,,,,,,,,,-2.06973,9.27846,,
,,,,,,,,,,,,,,-2.13842,9.27824,,
,,,,,,,,,,,,,,-2.20712,9.27845,,
,,,,,,,,,,,,,,-2.27582,9.27801,,
,,,,,,,,,,,,,,-2.34452,9.2778,,
,,,,,,,,,,,,,,-2.41321,9.278,,
,,,,,,,,,,,,,,-2.48191,9.27757,,
,,,,,,,,,,,,,,-2.55061,9.27735,,
,,,,,,,,,,,,,,-2.61931,9.27755,,
,,,,,,,,,,,,,,-2.688,9.27712,,
,,,,,,,,,,,,,,-2.7567,9.27691,,
,,,,,,,,,,,,,,-2.8254,9.27711,,
,,,,,,,,,,,,,,-2.8941,9.27668,,
,,,,,,,,,,,,,,-2.96279,9.27554,,
,,,,,,,,,,,,,,-3.03146,9.27369,,
,,,,,,,,,,,,,,-3.10011,9.27114,,
,,,,,,,,,,,,,,-3.16873,9.26787,,
,,,,,,,,,,,,,,-3.23731,9.2639,,
,,,,,,,,,,,,,,-3.28119,9.23516,,
,,,,,,,,,,,,,,-3.28346,9.1665,,
,,,,,,,,,,,,,,-3.28498,9.09782,,
,,,,,,,,,,,,,,-3.2858,9.02913,,
,,,,,,,,,,,,,,-3.28591,8.96043,,
,,,,,,,,,,,,,,-3.28532,8.89174,,
,,,,,,,,,,,,,,-3.28494,8.82304,,
,,,,,,,,,,,,,,-3.28498,8.75434,,
,,,,,,,,,,,,,,-3.28438,8.68564,,
,,,,,,,,,,,,,,-3.284,8.61695,,
,,,,,,,,,,,,,,-3.28404,8.54825,,
,,,,,,,,,,,,,,-3.28344,8.47955,,
,,,,,,,,,,,,,,-3.28306,8.41086,,
,,,,,,,,,,,,,,-3.2831,8.34216,,
,,,,,,,,,,,,,,-3.2825,8.27346,,
,,,,,,,,,,,,,,-3.28212,8.20477,,
,,,,,,,,,,,,,,-3.28216,8.13607,,
,,,,,,,,,,,,,,-3.28156,8.06737,,
